SA,SOA
N00000001,95AA01S1
N00000002,95AA01S2
N00000003,95AA01S2
N00000004,95AA01S2
N00000005,95AA01S2
N00000006,95AA01S2
N00000007,95AA01S3
N00000008,95AA01S3
N00000009,95AA01S3
N00000010,95AA01S3
N00000011,95AA02W1
N00000012,95AA02W1
N00000013,95AA02W1
N00000014,95AA02W1
N00000015,95AA02W1
N00000016,95AA02W1
N00000017,95AA03W1
N00000018,95AA03W1
N00000019,95AA03W1
N00000020,95AA03W1
N00000021,95AA03W1
N00000022,95AA03W1
N00000023,95AA03W1
N00000024,95AA04W1
N00000025,95AA04W1
N00000026,95AA04W1
N00000027,95AA04W1
N00000028,95AA04W1
N00000029,95AA04W1
N00000030,95AA04W1
N00000031,95AA05W1
N00000032,95AA05W1
N00000033,95AA05W1
N00000034,95AA05W1
N00000035,95AA05W1
N00000036,95AA05W1
N00000037,95AA06S1
N00000038,95AA06S1
N00000039,95AA06S1
N00000040,95AA06S2
N00000041,95AA06S2
N00000042,95AA06S2
N00000043,95AA06S2
N00000044,95AA06S2
N00000045,95AA07W1
N00000046,95AA07W1
N00000047,95AA07W1
N00000048,95AA07W1
N00000049,95AA07W1
N00000050,95AA07W1
N00000051,95AA08W1
N00000052,95AA08W1
N00000053,95AA08W1
N00000054,95AA08W1
N00000055,95AA08W1
N00000056,95AA08W1
N00000057,95AA09W1
N00000058,95AA09W1
N00000059,95AA09W1
N00000060,95AA09W1
N00000061,95AA09W1
N00000062,95AA09W1
N00000063,95AA09W1
N00000064,95AA10W1
N00000065,95AA10W1
N00000066,95AA10W1
N00000067,95AA10W1
N00000068,95AA10W1
N00000069,95AA10W1
N00000070,95AA11S1
N00000071,95AA11S1
N00000072,95AA11S1
N00000073,95AA11S1
N00000074,95AA11S2
N00000075,95AA11S2
N00000076,95AA11S2
N00000077,95AA11S2
N00000078,95AA11S2
N00000079,95AA12W1
N00000080,95AA12W1
N00000081,95AA12W1
N00000082,95AA12W1
N00000083,95AA12W1
N00000084,95AA12W1
N00000085,95AA13S1
N00000086,95AA13S1
N00000087,95AA13S1
N00000088,95AA13S2
N00000089,95AA13S2
N00000090,95AA13S2
N00000091,95AA13S2
N00000092,95AA14W1
N00000093,95AA14W1
N00000094,95AA14W1
N00000095,95AA14W1
N00000096,95AA14W1
N00000097,95AA15S1
N00000098,95AA15S1
N00000099,95AA15S1
N00000100,95AA15S1
N00000101,95AA15S2
N00000102,95AA15S2
N00000103,95AA15S2
N00000104,95AA15S2
N00000105,95AA16W1
N00000106,95AA16W1
N00000107,95AA16W1
N00000108,95AA16W1
N00000109,95AA16W1
N00000110,95AA16W1
N00000111,95AA17W1
N00000112,95AA17W1
N00000113,95AA17W1
N00000114,95AA17W1
N00000115,95AA17W1
N00000116,95AA17W1
N00000117,95AA17W1
N00000118,95AA18W1
N00000119,95AA18W1
N00000120,95AA18W1
N00000121,95AA18W1
N00000122,95AA18W1
N00000123,95AA18W1
N00000124,95AA18W1
N00000125,95AA19W1
N00000126,95AA19W1
N00000127,95AA19W1
N00000128,95AA19W1
N00000129,95AA19W1
N00000130,95BB01S1
N00000131,95BB01S1
N00000132,95BB01S1
N00000133,95BB01S1
N00000134,95BB01S2
N00000135,95BB01S2
N00000136,95BB01S2
N00000137,95BB01S2
N00000138,95BB01S2
N00000139,95BB02W1
N00000140,95BB02W1
N00000141,95BB02W1
N00000142,95BB02W1
N00000143,95BB02W1
N00000144,95BB02W1
N00000145,95BB02W1
N00000146,95BB02W1
N00000147,95BB02W1
N00000148,95BB03S1
N00000149,95BB03S1
N00000150,95BB03S1
N00000151,95BB03S1
N00000152,95BB03S1
N00000153,95BB03S2
N00000154,95BB03S2
N00000155,95BB03S2
N00000156,95BB03S2
N00000157,95BB03S2
N00000158,95BB03S2
N00000159,95BB04S1
N00000160,95BB04S1
N00000161,95BB04S1
N00000162,95BB04S1
N00000163,95BB04S1
N00000164,95BB04S2
N00000165,95BB04S2
N00000166,95BB04S2
N00000167,95BB04S2
N00000168,95BB04S2
N00000169,95BB05S1
N00000170,95BB05S1
N00000171,95BB05S1
N00000172,95BB05S2
N00000173,95BB05S2
N00000174,95BB05S2
N00000175,95BB05S2
N00000176,95BB06W1
N00000177,95BB06W1
N00000178,95BB06W1
N00000179,95BB06W1
N00000180,95BB06W1
N00000181,95BB06W1
N00000182,95BB07S1
N00000183,95BB07S1
N00000184,95BB07S1
N00000185,95BB07S1
N00000186,95BB07S1
N00000187,95BB07S1
N00000188,95BB07S2
N00000189,95BB07S2
N00000190,95BB07S2
N00000191,95BB07S2
N00000192,95BB08S1
N00000193,95BB08S1
N00000194,95BB08S1
N00000195,95BB08S1
N00000196,95BB08S1
N00000197,95BB08S2
N00000198,95BB08S2
N00000199,95BB08S2
N00000200,95BB08S2
N00000201,95BB09S1
N00000202,95BB09S1
N00000203,95BB09S1
N00000204,95BB09S1
N00000205,95BB09S2
N00000206,95BB09S2
N00000207,95BB09S2
N00000208,95BB09S2
N00000209,95BB09S2
N00000210,95BB10S1
N00000211,95BB10S1
N00000212,95BB10S1
N00000213,95BB10S1
N00000214,95BB10S1
N00000215,95BB10S2
N00000216,95BB10S2
N00000217,95BB10S2
N00000218,95BB10S2
N00000219,95BB11S1
N00000220,95BB11S1
N00000221,95BB11S1
N00000222,95BB11S1
N00000223,95BB11S1
N00000224,95BB11S2
N00000225,95BB11S2
N00000226,95BB11S2
N00000227,95BB11S2
N00000228,95BB11S2
N00000229,95BB11S2
N00000230,95BB12S1
N00000231,95BB12S1
N00000232,95BB12S1
N00000233,95BB12S1
N00000234,95BB12S1
N00000235,95BB12S2
N00000236,95BB12S2
N00000237,95BB12S2
N00000238,95BB12S2
N00000239,95BB13S1
N00000240,95BB13S1
N00000241,95BB13S1
N00000242,95BB13S1
N00000243,95BB13S2
N00000244,95BB13S2
N00000245,95BB13S2
N00000246,95BB13S2
N00000247,95BB13S2
N00000248,95BB13S3
N00000249,95BB13S3
N00000250,95BB13S3
N00000251,95BB13S3
N00000252,95BB14S1
N00000253,95BB14S1
N00000254,95BB14S1
N00000255,95BB14S1
N00000256,95BB14S2
N00000257,95BB14S2
N00000258,95BB14S2
N00000259,95BB15S1
N00000260,95BB15S1
N00000261,95BB15S1
N00000262,95BB15S1
N00000263,95BB15S2
N00000264,95BB15S2
N00000265,95BB15S2
N00000266,95BB15S2
N00000267,95BB16S1
N00000268,95BB16S1
N00000269,95BB16S1
N00000270,95BB16S1
N00000271,95BB16S2
N00000272,95BB16S2
N00000273,95BB16S2
N00000274,95BB16S2
N00000275,95BB17S1
N00000276,95BB17S1
N00000277,95BB17S1
N00000278,95BB17S1
N00000279,95BB17S1
N00000280,95BB17S1
N00000281,95BB17S2
N00000282,95BB17S2
N00000283,95BB17S2
N00000284,95BB17S2
N00000285,95BB17S2
N00000286,95BB18S1
N00000287,95BB18S1
N00000288,95BB18S1
N00000289,95BB18S1
N00000290,95BB18S1
N00000291,95BB18S2
N00000292,95BB18S2
N00000293,95BB18S2
N00000294,95BB18S2
N00000295,95BB18S2
N00000296,95BB19S1
N00000297,95BB19S1
N00000298,95BB19S1
N00000299,95BB19S1
N00000300,95BB19S1
N00000301,95BB19S2
N00000302,95BB19S2
N00000303,95BB19S2
N00000304,95BB19S2
N00000305,95BB19S2
N00000306,95BB19S3
N00000307,95BB19S3
N00000308,95BB19S3
N00000309,95BB19S3
N00000310,95BB20S1
N00000311,95BB20S1
N00000312,95BB20S1
N00000313,95BB20S1
N00000314,95BB20S2
N00000315,95BB20S2
N00000316,95BB20S2
N00000317,95BB20S2
N00000318,95BB21S1
N00000319,95BB21S1
N00000320,95BB21S1
N00000321,95BB21S1
N00000322,95BB21S1
N00000323,95BB21S2
N00000324,95BB21S2
N00000325,95BB21S2
N00000326,95BB21S2
N00000327,95BB22S1
N00000328,95BB22S1
N00000329,95BB22S1
N00000330,95BB22S1
N00000331,95BB22S2
N00000332,95BB22S2
N00000333,95BB22S2
N00000334,95BB22S2
N00000335,95BB23S1
N00000336,95BB23S1
N00000337,95BB23S1
N00000338,95BB23S1
N00000339,95BB23S1
N00000340,95BB23S2
N00000341,95BB23S2
N00000342,95BB23S2
N00000343,95BB23S2
N00000344,95CC01W1
N00000345,95CC01W1
N00000346,95CC01W1
N00000347,95CC01W1
N00000348,95CC01W1
N00000349,95CC01W1
N00000350,95CC02W1
N00000351,95CC02W1
N00000352,95CC02W1
N00000353,95CC02W1
N00000354,95CC02W1
N00000355,95CC02W1
N00000356,95CC03W1
N00000357,95CC03W1
N00000358,95CC03W1
N00000359,95CC03W1
N00000360,95CC04W1
N00000361,95CC04W1
N00000362,95CC04W1
N00000363,95CC04W1
N00000364,95CC04W1
N00000365,95CC04W1
N00000366,95CC05W1
N00000367,95CC05W1
N00000368,95CC05W1
N00000369,95CC05W1
N00000370,95CC05W1
N00000371,95CC05W1
N00000372,95CC06S1
N00000373,95CC06S1
N00000374,95CC06S1
N00000375,95CC06S1
N00000376,95CC06S2
N00000377,95CC06S2
N00000378,95CC06S2
N00000379,95CC06S2
N00000380,95CC07W1
N00000381,95CC07W1
N00000382,95CC07W1
N00000383,95CC07W1
N00000384,95CC07W1
N00000385,95CC07W1
N00000386,95CC08W1
N00000387,95CC08W1
N00000388,95CC08W1
N00000389,95CC08W1
N00000390,95CC09S1
N00000391,95CC09S1
N00000392,95CC09S2
N00000393,95CC09S2
N00000394,95CC10W1
N00000395,95CC10W1
N00000396,95CC10W1
N00000397,95CC10W1
N00000398,95CC10W1
N00000399,95CC10W1
N00000400,95CC11W1
N00000401,95CC11W1
N00000402,95CC11W1
N00000403,95CC11W1
N00000404,95CC11W1
N00000405,95CC11W1
N00000406,95CC12W1
N00000407,95CC12W1
N00000408,95CC12W1
N00000409,95CC12W1
N00000410,95CC12W1
N00000411,95CC13W1
N00000412,95CC13W1
N00000413,95CC13W1
N00000414,95CC13W1
N00000415,95CC13W1
N00000416,95CC13W1
N00000417,95CC14W1
N00000418,95CC14W1
N00000419,95CC14W1
N00000420,95CC14W1
N00000421,95CC14W1
N00000422,95CC14W1
N00000423,95CC15W1
N00000424,95CC15W1
N00000425,95CC15W1
N00000426,95CC15W1
N00000427,95CC15W1
N00000428,95CC15W1
N00000429,95CC15W1
N00000430,95CC16W1
N00000431,95CC16W1
N00000432,95CC16W1
N00000433,95CC16W1
N00000434,95CC16W1
N00000435,95CC16W1
N00000436,95CC16W1
N00000437,95CC17W1
N00000438,95CC17W1
N00000439,95CC17W1
N00000440,95CC17W1
N00000441,95CC17W1
N00000442,95CC17W1
N00000443,95CC18W1
N00000444,95CC18W1
N00000445,95CC18W1
N00000446,95CC18W1
N00000447,95CC18W1
N00000448,95CC18W1
N00000449,95CC19W1
N00000450,95CC19W1
N00000451,95CC19W1
N00000452,95CC19W1
N00000453,95CC19W1
N00000454,95CC19W1
N00000455,95CC20S1
N00000456,95CC20S1
N00000457,95CC20S1
N00000458,95CC20S1
N00000459,95CC20S2
N00000460,95CC20S2
N00000461,95CC20S2
N00000462,95CC20S2
N00000463,95CC21W1
N00000464,95CC21W1
N00000465,95CC21W1
N00000466,95CC21W1
N00000467,95CC21W1
N00000468,95CC21W1
N00000469,95CC21W1
N00000470,95CC22W1
N00000471,95CC22W1
N00000472,95CC22W1
N00000473,95CC22W1
N00000474,95CC22W1
N00000475,95CC22W1
N00000476,95CC22W1
N00000477,95DD01W1
N00000478,95DD01W1
N00000479,95DD01W1
N00000480,95DD01W1
N00000481,95DD01W1
N00000482,95DD02S1
N00000483,95DD02S1
N00000484,95DD02S1
N00000485,95DD02S1
N00000486,95DD02S1
N00000487,95DD02S2
N00000488,95DD02S2
N00000489,95DD02S2
N00000490,95DD02S2
N00000491,95DD02S2
N00000492,95DD02S2
N00000493,95DD03W1
N00000494,95DD03W1
N00000495,95DD03W1
N00000496,95DD03W1
N00000497,95DD03W1
N00000498,95DD03W1
N00000499,95DD04W1
N00000500,95DD04W1
N00000501,95DD04W1
N00000502,95DD04W1
N00000503,95DD04W1
N00000504,95DD04W1
N00000505,95DD05W1
N00000506,95DD05W1
N00000507,95DD05W1
N00000508,95DD05W1
N00000509,95DD05W1
N00000510,95DD05W1
N00000511,95DD06W1
N00000512,95DD06W1
N00000513,95DD06W1
N00000514,95DD06W1
N00000515,95DD06W1
N00000516,95DD06W1
N00000517,95DD06W1
N00000518,95DD07S1
N00000519,95DD07S1
N00000520,95DD07S1
N00000521,95DD07S1
N00000522,95DD07S2
N00000523,95DD07S2
N00000524,95DD07S2
N00000525,95DD07S2
N00000526,95DD08W1
N00000527,95DD08W1
N00000528,95DD08W1
N00000529,95DD08W1
N00000530,95DD08W1
N00000531,95DD08W1
N00000532,95DD08W1
N00000533,95DD08W1
N00000534,95DD09W1
N00000535,95DD09W1
N00000536,95DD09W1
N00000537,95DD09W1
N00000538,95DD09W1
N00000539,95DD09W1
N00000540,95DD10W1
N00000541,95DD10W1
N00000542,95DD10W1
N00000543,95DD10W1
N00000544,95DD10W1
N00000545,95DD10W1
N00000546,95DD10W1
N00000547,95DD10W1
N00000548,95DD10W1
N00000549,95DD11W1
N00000550,95DD11W1
N00000551,95DD11W1
N00000552,95DD11W1
N00000553,95DD11W1
N00000554,95DD11W1
N00000555,95DD11W1
N00000556,95DD11W1
N00000557,95DD12W1
N00000558,95DD12W1
N00000559,95DD12W1
N00000560,95DD12W1
N00000561,95DD12W1
N00000562,95DD12W1
N00000563,95DD13W1
N00000564,95DD13W1
N00000565,95DD13W1
N00000566,95DD13W1
N00000567,95DD14S1
N00000568,95DD14S1
N00000569,95DD14S1
N00000570,95DD14S1
N00000571,95DD14S2
N00000572,95DD14S2
N00000573,95DD14S2
N00000574,95DD14S2
N00000575,95DD15W1
N00000576,95DD15W1
N00000577,95DD15W1
N00000578,95DD15W1
N00000579,95DD15W1
N00000580,95DD15W1
N00000581,95DD15W1
N00000582,95DD16W1
N00000583,95DD16W1
N00000584,95DD16W1
N00000585,95DD16W1
N00000586,95DD16W1
N00000587,95DD16W1
N00000588,95DD16W1
N00000589,95DD17W1
N00000590,95DD17W1
N00000591,95DD17W1
N00000592,95DD17W1
N00000593,95DD17W1
N00000594,95DD17W1
N00000595,95DD17W1
N00000596,95DD18W1
N00000597,95DD18W1
N00000598,95DD18W1
N00000599,95DD18W1
N00000600,95DD18W1
N00000601,95DD18W1
N00000602,95DD18W1
N00000603,95DD19S1
N00000604,95DD19S1
N00000605,95DD19S1
N00000606,95DD19S1
N00000607,95DD19S1
N00000608,95DD19S2
N00000609,95DD19S2
N00000610,95DD19S2
N00000611,95DD19S2
N00000612,95DD20W1
N00000613,95DD20W1
N00000614,95DD20W1
N00000615,95DD20W1
N00000616,95DD20W1
N00000617,95DD20W1
N00000618,95DD21W1
N00000619,95DD21W1
N00000620,95DD21W1
N00000621,95DD21W1
N00000622,95DD21W1
N00000623,95DD22S1
N00000624,95DD22S1
N00000625,95DD22S1
N00000626,95DD22S1
N00000627,95DD22S2
N00000628,95DD22S2
N00000629,95DD22S2
N00000630,95DD22S2
N00000631,95DD23W1
N00000632,95DD23W1
N00000633,95DD23W1
N00000634,95DD23W1
N00000635,95DD23W1
N00000636,95DD23W1
N00000637,95DD24W1
N00000638,95DD24W1
N00000639,95DD24W1
N00000640,95DD24W1
N00000641,95DD24W1
N00000642,95DD24W1
N00000643,95EE01W1
N00000644,95EE01W1
N00000645,95EE01W1
N00000646,95EE01W1
N00000647,95EE02W1
N00000648,95EE02W1
N00000649,95EE02W1
N00000650,95EE02W1
N00000651,95EE03W1
N00000652,95EE03W1
N00000653,95EE03W1
N00000654,95EE03W1
N00000655,95EE03W1
N00000656,95EE03W1
N00000657,95EE04W1
N00000658,95EE04W1
N00000659,95EE04W1
N00000660,95EE04W1
N00000661,95EE05W1
N00000662,95EE05W1
N00000663,95EE05W1
N00000664,95EE05W1
N00000665,95EE06W1
N00000666,95EE06W1
N00000667,95EE06W1
N00000668,95EE06W1
N00000669,95EE06W1
N00000670,95EE07W1
N00000671,95EE07W1
N00000672,95EE07W1
N00000673,95EE07W1
N00000674,95EE08W1
N00000675,95EE08W1
N00000676,95EE08W1
N00000677,95EE08W1
N00000678,95EE09W1
N00000679,95EE09W1
N00000680,95EE09W1
N00000681,95EE09W1
N00000682,95EE10W1
N00000683,95EE10W1
N00000684,95EE10W1
N00000685,95EE10W1
N00000686,95EE11W1
N00000687,95EE11W1
N00000688,95EE11W1
N00000689,95EE11W1
N00000690,95EE12W1
N00000691,95EE12W1
N00000692,95EE12W1
N00000693,95EE12W1
N00000694,95EE12W1
N00000695,95EE12W1
N00000696,95EE13W1
N00000697,95EE13W1
N00000698,95EE13W1
N00000699,95EE13W1
N00000700,95EE13W1
N00000701,95EE14W1
N00000702,95EE14W1
N00000703,95EE14W1
N00000704,95EE14W1
N00000705,95EE14W1
N00000706,95EE15W1
N00000707,95EE15W1
N00000708,95EE15W1
N00000709,95EE15W1
N00000710,95EE16W1
N00000711,95EE16W1
N00000712,95EE16W1
N00000713,95EE16W1
N00000714,95EE16W1
N00000715,95FF01S1
N00000716,95FF01S1
N00000717,95FF01S1
N00000718,95FF01S2
N00000719,95FF01S2
N00000720,95FF01S2
N00000721,95FF02W1
N00000722,95FF02W1
N00000723,95FF02W1
N00000724,95FF02W1
N00000725,95FF02W1
N00000726,95FF02W1
N00000727,95FF03W1
N00000728,95FF03W1
N00000729,95FF03W1
N00000730,95FF03W1
N00000731,95FF03W1
N00000732,95FF03W1
N00000733,95FF03W1
N00000734,95FF03W1
N00000735,95FF04W1
N00000736,95FF04W1
N00000737,95FF04W1
N00000738,95FF04W1
N00000739,95FF04W1
N00000740,95FF04W1
N00000741,95FF05W1
N00000742,95FF05W1
N00000743,95FF05W1
N00000744,95FF05W1
N00000745,95FF05W1
N00000746,95FF05W1
N00000747,95FF05W1
N00000748,95FF06S1
N00000749,95FF06S1
N00000750,95FF06S1
N00000751,95FF06S1
N00000752,95FF06S1
N00000753,95FF06S2
N00000754,95FF06S2
N00000755,95FF06S2
N00000756,95FF06S2
N00000757,95FF06S2
N00000758,95FF07W1
N00000759,95FF07W1
N00000760,95FF07W1
N00000761,95FF07W1
N00000762,95FF07W1
N00000763,95FF07W1
N00000764,95FF07W1
N00000765,95FF07W1
N00000766,95FF08W1
N00000767,95FF08W1
N00000768,95FF08W1
N00000769,95FF08W1
N00000770,95FF08W1
N00000771,95FF08W1
N00000772,95FF09W1
N00000773,95FF09W1
N00000774,95FF09W1
N00000775,95FF09W1
N00000776,95FF09W1
N00000777,95FF10W1
N00000778,95FF10W1
N00000779,95FF10W1
N00000780,95FF10W1
N00000781,95FF10W1
N00000782,95FF10W1
N00000783,95FF11W1
N00000784,95FF11W1
N00000785,95FF11W1
N00000786,95FF11W1
N00000787,95FF11W1
N00000788,95FF11W1
N00000789,95FF12W1
N00000790,95FF12W1
N00000791,95FF12W1
N00000792,95FF12W1
N00000793,95FF12W1
N00000794,95FF13W1
N00000795,95FF13W1
N00000796,95FF13W1
N00000797,95FF13W1
N00000798,95FF13W1
N00000799,95FF13W1
N00000800,95FF14W1
N00000801,95FF14W1
N00000802,95FF14W1
N00000803,95FF14W1
N00000804,95FF14W1
N00000805,95FF14W1
N00000806,95FF15W1
N00000807,95FF15W1
N00000808,95FF15W1
N00000809,95FF15W1
N00000810,95FF15W1
N00000811,95FF15W1
N00000812,95FF15W1
N00000813,95FF16W1
N00000814,95FF16W1
N00000815,95FF16W1
N00000816,95FF16W1
N00000817,95FF16W1
N00000818,95FF16W1
N00000819,95FF17W1
N00000820,95FF17W1
N00000821,95FF17W1
N00000822,95FF17W1
N00000823,95FF17W1
N00000824,95FF17W1
N00000825,95GG01S1
N00000826,95GG01S1
N00000827,95GG01S1
N00000828,95GG01S1
N00000829,95GG01S1
N00000830,95GG01S1
N00000831,95GG01S2
N00000832,95GG01S2
N00000833,95GG01S2
N00000834,95GG01S2
N00000835,95GG01S2
N00000836,95GG01S3
N00000837,95GG01S3
N00000838,95GG01S3
N00000839,95GG01S3
N00000840,95GG01S3
N00000841,95GG02S1
N00000842,95GG02S1
N00000843,95GG02S1
N00000844,95GG02S1
N00000845,95GG02S1
N00000846,95GG02S1
N00000847,95GG02S2
N00000848,95GG02S2
N00000849,95GG02S2
N00000850,95GG02S2
N00000851,95GG02S2
N00000852,95GG02S3
N00000853,95GG02S3
N00000854,95GG02S3
N00000855,95GG03S1
N00000856,95GG03S1
N00000857,95GG03S1
N00000858,95GG03S1
N00000859,95GG03S1
N00000860,95GG03S1
N00000861,95GG03S1
N00000862,95GG03S2
N00000863,95GG03S2
N00000864,95GG03S2
N00000865,95GG03S2
N00000866,95GG03S3
N00000867,95GG03S3
N00000868,95GG03S3
N00000869,95GG03S3
N00000870,95GG03S3
N00000871,95GG03S3
N00000872,95GG03S3
N00000873,95GG04S1
N00000874,95GG04S1
N00000875,95GG04S1
N00000876,95GG04S1
N00000877,95GG04S1
N00000878,95GG04S2
N00000879,95GG04S2
N00000880,95GG04S2
N00000881,95GG04S3
N00000882,95GG04S3
N00000883,95GG04S3
N00000884,95GG04S3
N00000885,95GG04S3
N00000886,95GG05S1
N00000887,95GG05S1
N00000888,95GG05S1
N00000889,95GG05S1
N00000890,95GG05S1
N00000891,95GG05S1
N00000892,95GG05S2
N00000893,95GG05S2
N00000894,95GG05S2
N00000895,95GG05S2
N00000896,95GG05S2
N00000897,95GG05S2
N00000898,95GG05S2
N00000899,95GG05S3
N00000900,95GG05S3
N00000901,95GG05S3
N00000902,95GG05S3
N00000903,95GG05S3
N00000904,95GG05S3
N00000905,95GG05S3
N00000906,95GG06S1
N00000907,95GG06S1
N00000908,95GG06S1
N00000909,95GG06S1
N00000910,95GG06S1
N00000911,95GG06S1
N00000912,95GG06S1
N00000913,95GG06S2
N00000914,95GG06S2
N00000915,95GG06S2
N00000916,95GG06S2
N00000917,95GG06S2
N00000918,95GG06S2
N00000919,95GG06S2
N00000920,95GG06S3
N00000921,95GG06S3
N00000922,95GG06S3
N00000923,95GG06S3
N00000924,95GG06S3
N00000925,95GG06S3
N00000926,95GG07S1
N00000927,95GG07S1
N00000928,95GG07S1
N00000929,95GG07S1
N00000930,95GG07S1
N00000931,95GG07S2
N00000932,95GG07S2
N00000933,95GG07S2
N00000934,95GG07S2
N00000935,95GG07S2
N00000936,95GG07S3
N00000937,95GG07S3
N00000938,95GG07S3
N00000939,95GG07S3
N00000940,95GG07S3
N00000941,95GG08S1
N00000942,95GG08S1
N00000943,95GG08S1
N00000944,95GG08S1
N00000945,95GG08S1
N00000946,95GG08S2
N00000947,95GG08S2
N00000948,95GG08S2
N00000949,95GG08S2
N00000950,95GG08S2
N00000951,95GG08S2
N00000952,95GG08S3
N00000953,95GG08S3
N00000954,95GG08S3
N00000955,95GG08S3
N00000956,95GG08S3
N00000957,95GG09S1
N00000958,95GG09S1
N00000959,95GG09S1
N00000960,95GG09S1
N00000961,95GG09S1
N00000962,95GG09S2
N00000963,95GG09S2
N00000964,95GG09S2
N00000965,95GG09S2
N00000966,95GG09S2
N00000967,95GG09S2
N00000968,95GG09S3
N00000969,95GG09S3
N00000970,95GG09S3
N00000971,95GG09S3
N00000972,95GG09S3
N00000973,95GG09S3
N00000974,95GG09S3
N00000975,95GG10S1
N00000976,95GG10S1
N00000977,95GG10S1
N00000978,95GG10S1
N00000979,95GG10S1
N00000980,95GG10S1
N00000981,95GG10S1
N00000982,95GG10S1
N00000983,95GG10S2
N00000984,95GG10S2
N00000985,95GG10S2
N00000986,95GG10S2
N00000987,95GG10S2
N00000988,95GG10S2
N00000989,95GG10S2
N00000990,95GG10S2
N00000991,95GG11S1
N00000992,95GG11S1
N00000993,95GG11S1
N00000994,95GG11S1
N00000995,95GG11S2
N00000996,95GG11S2
N00000997,95GG11S2
N00000998,95GG11S2
N00000999,95GG11S2
N00001000,95GG11S2
N00001001,95GG11S3
N00001002,95GG11S3
N00001003,95GG11S3
N00001004,95GG11S3
N00001005,95GG11S3
N00001006,95GG12S1
N00001007,95GG12S1
N00001008,95GG12S1
N00001009,95GG12S1
N00001010,95GG12S2
N00001011,95GG12S2
N00001012,95GG12S2
N00001013,95GG12S2
N00001014,95GG12S2
N00001015,95GG12S2
N00001016,95GG12S3
N00001017,95GG12S3
N00001018,95GG12S3
N00001019,95GG12S3
N00001020,95GG12S3
N00001021,95GG12S3
N00001022,95GG12S4
N00001023,95GG12S4
N00001024,95GG12S4
N00001025,95GG12S4
N00001026,95GG12S4
N00001027,95GG12S5
N00001028,95GG12S5
N00001029,95GG12S5
N00001030,95GG12S5
N00001031,95GG12S5
N00001032,95GG13S1
N00001033,95GG13S1
N00001034,95GG13S1
N00001035,95GG13S1
N00001036,95GG13S1
N00001037,95GG13S2
N00001038,95GG13S2
N00001039,95GG13S2
N00001040,95GG13S2
N00001041,95GG13S3
N00001042,95GG13S3
N00001043,95GG13S3
N00001044,95GG13S3
N00001045,95GG13S3
N00001046,95GG14S1
N00001047,95GG14S1
N00001048,95GG14S1
N00001049,95GG14S1
N00001050,95GG14S1
N00001051,95GG14S2
N00001052,95GG14S2
N00001053,95GG14S2
N00001054,95GG14S2
N00001055,95GG14S2
N00001056,95GG14S3
N00001057,95GG14S3
N00001058,95GG14S3
N00001059,95GG14S3
N00001060,95GG14S3
N00001061,95GG15S1
N00001062,95GG15S1
N00001063,95GG15S1
N00001064,95GG15S1
N00001065,95GG15S1
N00001066,95GG15S2
N00001067,95GG15S2
N00001068,95GG15S2
N00001069,95GG15S2
N00001070,95GG15S2
N00001071,95GG15S2
N00001072,95GG15S3
N00001073,95GG15S3
N00001074,95GG15S3
N00001075,95GG15S3
N00001076,95GG15S3
N00001077,95GG15S3
N00001078,95GG15S3
N00001079,95GG16S1
N00001080,95GG16S1
N00001081,95GG16S1
N00001082,95GG16S1
N00001083,95GG16S2
N00001084,95GG16S2
N00001085,95GG16S2
N00001086,95GG16S3
N00001087,95GG16S3
N00001088,95GG16S3
N00001089,95GG16S3
N00001090,95GG16S3
N00001091,95GG17S1
N00001092,95GG17S1
N00001093,95GG17S1
N00001094,95GG17S1
N00001095,95GG17S1
N00001096,95GG17S2
N00001097,95GG17S2
N00001098,95GG17S2
N00001099,95GG17S2
N00001100,95GG17S2
N00001101,95GG17S3
N00001102,95GG17S3
N00001103,95GG17S3
N00001104,95GG17S3
N00001105,95GG17S3
N00001106,95GG18S1
N00001107,95GG18S1
N00001108,95GG18S1
N00001109,95GG18S1
N00001110,95GG18S1
N00001111,95GG18S1
N00001112,95GG18S1
N00001113,95GG18S2
N00001114,95GG18S2
N00001115,95GG18S2
N00001116,95GG18S2
N00001117,95GG19S1
N00001118,95GG19S1
N00001119,95GG19S1
N00001120,95GG19S1
N00001121,95GG19S1
N00001122,95GG19S1
N00001123,95GG19S1
N00001124,95GG19S2
N00001125,95GG19S2
N00001126,95GG19S2
N00001127,95GG19S2
N00001128,95GG19S2
N00001129,95GG19S2
N00001130,95GG20S1
N00001131,95GG20S1
N00001132,95GG20S1
N00001133,95GG20S1
N00001134,95GG20S1
N00001135,95GG20S1
N00001136,95GG20S1
N00001137,95GG20S2
N00001138,95GG20S2
N00001139,95GG20S2
N00001140,95GG20S2
N00001141,95GG20S2
N00001142,95GG20S2
N00001143,95GG20S2
N00001144,95GG20S2
N00001145,95GG21S1
N00001146,95GG21S1
N00001147,95GG21S1
N00001148,95GG21S1
N00001149,95GG21S1
N00001150,95GG21S2
N00001151,95GG21S2
N00001152,95GG21S2
N00001153,95GG21S2
N00001154,95GG21S2
N00001155,95GG21S3
N00001156,95GG21S3
N00001157,95GG22S1
N00001158,95GG22S1
N00001159,95GG22S1
N00001160,95GG22S1
N00001161,95GG22S1
N00001162,95GG22S1
N00001163,95GG22S2
N00001164,95GG22S2
N00001165,95GG22S2
N00001166,95GG22S2
N00001167,95GG22S2
N00001168,95GG22S3
N00001169,95GG22S3
N00001170,95GG22S3
N00001171,95GG22S3
N00001172,95GG22S3
N00001173,95GG23S1
N00001174,95GG23S1
N00001175,95GG23S1
N00001176,95GG23S1
N00001177,95GG23S1
N00001178,95GG23S2
N00001179,95GG23S2
N00001180,95GG23S2
N00001181,95GG23S2
N00001182,95GG23S2
N00001183,95GG23S3
N00001184,95GG23S3
N00001185,95GG23S3
N00001186,95GG23S3
N00001187,95GG23S3
N00001188,95GG24S1
N00001189,95GG24S1
N00001190,95GG24S1
N00001191,95GG24S2
N00001192,95GG24S2
N00001193,95GG24S2
N00001194,95GG24S2
N00001195,95GG24S2
N00001196,95GG24S2
N00001197,95GG24S3
N00001198,95GG24S3
N00001199,95GG24S3
N00001200,95GG24S3
N00001201,95GG24S3
N00001202,95GG25S1
N00001203,95GG25S1
N00001204,95GG25S1
N00001205,95GG25S1
N00001206,95GG25S2
N00001207,95GG25S2
N00001208,95GG25S2
N00001209,95GG25S2
N00001210,95GG25S2
N00001211,95GG25S2
N00001212,95GG25S3
N00001213,95GG25S3
N00001214,95GG25S3
N00001215,95GG25S3
N00001216,95GG25S3
N00001217,95GG26S1
N00001218,95GG26S1
N00001219,95GG26S1
N00001220,95GG26S1
N00001221,95GG26S1
N00001222,95GG26S1
N00001223,95GG26S1
N00001224,95GG26S2
N00001225,95GG26S2
N00001226,95GG26S2
N00001227,95GG26S2
N00001228,95GG26S2
N00001229,95GG26S2
N00001230,95GG26S2
N00001231,95GG27S1
N00001232,95GG27S1
N00001233,95GG27S1
N00001234,95GG27S1
N00001235,95GG27S2
N00001236,95GG27S2
N00001237,95GG27S2
N00001238,95GG27S3
N00001239,95GG27S3
N00001240,95GG27S3
N00001241,95GG27S4
N00001242,95GG27S4
N00001243,95GG27S4
N00001244,95GG27S4
N00001245,95GG27S4
N00001246,95GG28S1
N00001247,95GG28S1
N00001248,95GG28S1
N00001249,95GG28S1
N00001250,95GG28S1
N00001251,95GG28S2
N00001252,95GG28S2
N00001253,95GG28S2
N00001254,95GG28S2
N00001255,95GG28S2
N00001256,95GG28S2
N00001257,95GG28S3
N00001258,95GG28S3
N00001259,95GG28S3
N00001260,95GG28S3
N00001261,95GG28S3
N00001262,95GG28S3
N00001263,95GG29S1
N00001264,95GG29S1
N00001265,95GG29S1
N00001266,95GG29S1
N00001267,95GG29S1
N00001268,95GG29S1
N00001269,95GG29S2
N00001270,95GG29S2
N00001271,95GG29S2
N00001272,95GG29S2
N00001273,95GG29S2
N00001274,95GG30S1
N00001275,95GG30S1
N00001276,95GG30S1
N00001277,95GG30S1
N00001278,95GG30S1
N00001279,95GG30S1
N00001280,95GG30S1
N00001281,95GG30S2
N00001282,95GG30S2
N00001283,95GG30S2
N00001284,95GG30S2
N00001285,95GG30S2
N00001286,95GG30S3
N00001287,95GG30S3
N00001288,95GG30S3
N00001289,95GG30S3
N00001290,95GG30S3
N00001291,95GG31S1
N00001292,95GG31S1
N00001293,95GG31S1
N00001294,95GG31S1
N00001295,95GG31S1
N00001296,95GG31S2
N00001297,95GG31S2
N00001298,95GG31S2
N00001299,95GG31S2
N00001300,95GG31S2
N00001301,95GG31S2
N00001302,95GG31S3
N00001303,95GG31S3
N00001304,95GG31S3
N00001305,95GG31S3
N00001306,95GG31S3
N00001307,95GG31S3
N00001308,95GG32S1
N00001309,95GG32S1
N00001310,95GG32S1
N00001311,95GG32S1
N00001312,95GG32S1
N00001313,95GG32S1
N00001314,95GG32S2
N00001315,95GG32S2
N00001316,95GG32S2
N00001317,95GG32S2
N00001318,95GG32S2
N00001319,95GG32S3
N00001320,95GG32S3
N00001321,95GG32S3
N00001322,95GG32S3
N00001323,95GG32S3
N00001324,95GG32S3
N00001325,95GG33S1
N00001326,95GG33S1
N00001327,95GG33S1
N00001328,95GG33S2
N00001329,95GG33S2
N00001330,95GG33S2
N00001331,95GG33S3
N00001332,95GG33S3
N00001333,95GG33S3
N00001334,95GG33S3
N00001335,95GG33S3
N00001336,95GG33S3
N00001337,95GG33S3
N00001338,95GG34S1
N00001339,95GG34S1
N00001340,95GG34S1
N00001341,95GG34S2
N00001342,95GG34S2
N00001343,95GG34S2
N00001344,95GG34S2
N00001345,95GG34S2
N00001346,95GG34S3
N00001347,95GG34S3
N00001348,95GG34S3
N00001349,95GG34S3
N00001350,95GG35S1
N00001351,95GG35S1
N00001352,95GG35S1
N00001353,95GG35S1
N00001354,95GG35S2
N00001355,95GG35S2
N00001356,95GG35S2
N00001357,95GG35S2
N00001358,95GG35S3
N00001359,95GG35S3
N00001360,95GG35S3
N00001361,95GG35S3
N00001362,95GG35S3
N00001363,95GG36S1
N00001364,95GG36S1
N00001365,95GG36S1
N00001366,95GG36S1
N00001367,95GG36S1
N00001368,95GG36S2
N00001369,95GG36S2
N00001370,95GG36S2
N00001371,95GG36S2
N00001372,95GG36S2
N00001373,95GG36S3
N00001374,95GG36S3
N00001375,95GG36S3
N00001376,95GG36S3
N00001377,95GG36S3
N00001378,95GG36S3
N00001379,95GG36S3
N00001380,95GG37S1
N00001381,95GG37S1
N00001382,95GG37S1
N00001383,95GG37S1
N00001384,95GG37S1
N00001385,95GG37S1
N00001386,95GG37S2
N00001387,95GG37S2
N00001388,95GG37S2
N00001389,95GG37S2
N00001390,95GG37S2
N00001391,95GG37S2
N00001392,95GG37S3
N00001393,95GG37S3
N00001394,95GG37S3
N00001395,95GG37S3
N00001396,95GG37S3
N00001397,95GG37S3
N00001398,95GG37S3
N00001399,95GG38S1
N00001400,95GG38S1
N00001401,95GG38S1
N00001402,95GG38S1
N00001403,95GG38S1
N00001404,95GG38S2
N00001405,95GG38S2
N00001406,95GG38S2
N00001407,95GG38S2
N00001408,95GG38S2
N00001409,95GG38S3
N00001410,95GG38S3
N00001411,95GG38S3
N00001412,95GG38S3
N00001413,95GG38S3
N00001414,95GG38S3
N00001415,95GG39S1
N00001416,95GG39S1
N00001417,95GG39S1
N00001418,95GG39S1
N00001419,95GG39S1
N00001420,95GG39S2
N00001421,95GG39S2
N00001422,95GG39S2
N00001423,95GG39S2
N00001424,95GG39S2
N00001425,95GG39S2
N00001426,95GG39S3
N00001427,95GG39S3
N00001428,95GG39S3
N00001429,95GG39S3
N00001430,95GG39S3
N00001431,95GG40S1
N00001432,95GG40S1
N00001433,95GG40S1
N00001434,95GG40S1
N00001435,95GG40S1
N00001436,95GG40S1
N00001437,95GG40S2
N00001438,95GG40S2
N00001439,95GG40S2
N00001440,95GG40S2
N00001441,95GG40S2
N00001442,95GG40S2
N00001443,95GG40S2
N00001444,95GG40S2
N00001445,95GG41S1
N00001446,95GG41S1
N00001447,95GG41S1
N00001448,95GG41S1
N00001449,95GG41S1
N00001450,95GG41S1
N00001451,95GG41S2
N00001452,95GG41S2
N00001453,95GG41S2
N00001454,95GG41S2
N00001455,95GG41S2
N00001456,95GG41S3
N00001457,95GG41S3
N00001458,95GG41S3
N00001459,95GG41S3
N00001460,95GG41S3
N00001461,95GG42S1
N00001462,95GG42S1
N00001463,95GG42S1
N00001464,95GG42S1
N00001465,95GG42S1
N00001466,95GG42S2
N00001467,95GG42S2
N00001468,95GG42S3
N00001469,95GG42S3
N00001470,95GG42S3
N00001471,95GG42S3
N00001472,95GG42S3
N00001473,95GG42S4
N00001474,95GG42S4
N00001475,95GG42S4
N00001476,95GG42S4
N00001477,95GG42S4
N00001478,95GG42S4
N00001479,95GG42S4
N00001480,95GG43S1
N00001481,95GG43S1
N00001482,95GG43S1
N00001483,95GG43S1
N00001484,95GG43S1
N00001485,95GG43S2
N00001486,95GG43S2
N00001487,95GG43S2
N00001488,95GG43S2
N00001489,95GG43S2
N00001490,95GG43S2
N00001491,95GG43S3
N00001492,95GG43S3
N00001493,95GG43S3
N00001494,95GG43S3
N00001495,95GG43S3
N00001496,95GG43S3
N00001497,95GG43S3
N00001498,95GG44S1
N00001499,95GG44S1
N00001500,95GG44S1
N00001501,95GG44S1
N00001502,95GG44S1
N00001503,95GG44S1
N00001504,95GG44S1
N00001505,95GG44S1
N00001506,95GG44S2
N00001507,95GG44S2
N00001508,95GG44S2
N00001509,95GG44S2
N00001510,95GG44S2
N00001511,95GG44S2
N00001512,95GG44S2
N00001513,95GG44S2
N00001514,95GG45S1
N00001515,95GG45S1
N00001516,95GG45S1
N00001517,95GG45S1
N00001518,95GG45S1
N00001519,95GG45S2
N00001520,95GG45S2
N00001521,95GG45S2
N00001522,95GG45S2
N00001523,95GG45S2
N00001524,95GG45S2
N00001525,95GG45S3
N00001526,95GG45S3
N00001527,95GG45S3
N00001528,95GG45S3
N00001529,95GG45S3
N00001530,95GG45S3
N00001531,95GG46S1
N00001532,95GG46S1
N00001533,95GG46S1
N00001534,95GG46S1
N00001535,95GG46S2
N00001536,95GG46S2
N00001537,95GG46S2
N00001538,95GG46S2
N00001539,95GG46S2
N00001540,95GG46S3
N00001541,95GG46S3
N00001542,95GG46S3
N00001543,95GG46S3
N00001544,95GG46S3
N00001545,95GG47S1
N00001546,95GG47S1
N00001547,95GG47S1
N00001548,95GG47S1
N00001549,95GG47S1
N00001550,95GG47S1
N00001551,95GG47S1
N00001552,95GG47S2
N00001553,95GG47S2
N00001554,95GG47S2
N00001555,95GG47S2
N00001556,95GG47S2
N00001557,95GG47S2
N00001558,95GG47S3
N00001559,95GG47S3
N00001560,95GG47S3
N00001561,95GG47S3
N00001562,95GG47S3
N00001563,95GG47S3
N00001564,95GG47S3
N00001565,95GG48S1
N00001566,95GG48S1
N00001567,95GG48S1
N00001568,95GG48S1
N00001569,95GG48S1
N00001570,95GG48S2
N00001571,95GG48S2
N00001572,95GG48S2
N00001573,95GG48S2
N00001574,95GG48S3
N00001575,95GG48S3
N00001576,95GG48S3
N00001577,95GG48S3
N00001578,95GG48S3
N00001579,95GG49S1
N00001580,95GG49S1
N00001581,95GG49S1
N00001582,95GG49S1
N00001583,95GG49S1
N00001584,95GG49S1
N00001585,95GG49S2
N00001586,95GG49S2
N00001587,95GG49S2
N00001588,95GG49S2
N00001589,95GG49S2
N00001590,95GG49S2
N00001591,95GG49S2
N00001592,95GG49S3
N00001593,95GG49S3
N00001594,95GG49S3
N00001595,95GG49S3
N00001596,95GG49S3
N00001597,95GG49S3
N00001598,95GG49S4
N00001599,95GG49S4
N00001600,95GG49S4
N00001601,95GG49S4
N00001602,95GG49S4
N00001603,95GG49S4
N00001604,95GG50S1
N00001605,95GG50S1
N00001606,95GG50S1
N00001607,95GG50S1
N00001608,95GG50S1
N00001609,95GG50S1
N00001610,95GG50S2
N00001611,95GG50S2
N00001612,95GG50S2
N00001613,95GG50S2
N00001614,95GG50S2
N00001615,95GG50S2
N00001616,95GG50S3
N00001617,95GG50S3
N00001618,95GG50S3
N00001619,95GG50S3
N00001620,95GG50S3
N00001621,95GG50S3
N00001622,95GG50S3
N00001623,95GG51S1
N00001624,95GG51S1
N00001625,95GG51S1
N00001626,95GG51S1
N00001627,95GG51S1
N00001628,95GG51S1
N00001629,95GG51S2
N00001630,95GG51S2
N00001631,95GG51S2
N00001632,95GG51S2
N00001633,95GG51S2
N00001634,95GG51S2
N00001635,95GG51S3
N00001636,95GG51S3
N00001637,95GG51S3
N00001638,95GG51S3
N00001639,95GG51S3
N00001640,95GG51S3
N00001641,95HH01W1
N00001642,95HH01W1
N00001643,95HH01W1
N00001644,95HH01W1
N00001645,95HH01W1
N00001646,95HH01W1
N00001647,95HH02S1
N00001648,95HH02S1
N00001649,95HH02S1
N00001650,95HH02S1
N00001651,95HH02S2
N00001652,95HH02S2
N00001653,95HH02S2
N00001654,95HH02S2
N00001655,95HH03W1
N00001656,95HH03W1
N00001657,95HH03W1
N00001658,95HH03W1
N00001659,95HH03W1
N00001660,95HH03W1
N00001661,95HH04S1
N00001662,95HH04S1
N00001663,95HH04S1
N00001664,95HH04S1
N00001665,95HH04S1
N00001666,95HH04S2
N00001667,95HH04S2
N00001668,95HH04S2
N00001669,95HH04S2
N00001670,95HH05W1
N00001671,95HH05W1
N00001672,95HH05W1
N00001673,95HH05W1
N00001674,95HH05W1
N00001675,95HH05W1
N00001676,95HH05W1
N00001677,95HH06S1
N00001678,95HH06S1
N00001679,95HH06S1
N00001680,95HH06S1
N00001681,95HH06S1
N00001682,95HH06S2
N00001683,95HH06S2
N00001684,95HH06S2
N00001685,95HH06S2
N00001686,95HH06S2
N00001687,95HH06S2
N00001688,95HH07W1
N00001689,95HH07W1
N00001690,95HH07W1
N00001691,95HH07W1
N00001692,95HH07W1
N00001693,95HH08W1
N00001694,95HH08W1
N00001695,95HH08W1
N00001696,95HH08W1
N00001697,95HH08W1
N00001698,95HH08W1
N00001699,95HH08W1
N00001700,95HH08W1
N00001701,95HH09W1
N00001702,95HH09W1
N00001703,95HH09W1
N00001704,95HH09W1
N00001705,95HH09W1
N00001706,95HH10W1
N00001707,95HH10W1
N00001708,95HH10W1
N00001709,95HH10W1
N00001710,95HH10W1
N00001711,95HH10W1
N00001712,95HH11W1
N00001713,95HH11W1
N00001714,95HH11W1
N00001715,95HH11W1
N00001716,95HH12W1
N00001717,95HH12W1
N00001718,95HH12W1
N00001719,95HH12W1
N00001720,95HH12W1
N00001721,95HH13W1
N00001722,95HH13W1
N00001723,95HH13W1
N00001724,95HH13W1
N00001725,95HH13W1
N00001726,95HH14W1
N00001727,95HH14W1
N00001728,95HH14W1
N00001729,95HH14W1
N00001730,95HH14W1
N00001731,95HH14W1
N00001732,95HH15W1
N00001733,95HH15W1
N00001734,95HH15W1
N00001735,95HH15W1
N00001736,95HH15W1
N00001737,95HH15W1
N00001738,95HH16W1
N00001739,95HH16W1
N00001740,95HH16W1
N00001741,95HH16W1
N00001742,95HH16W1
N00001743,95HH16W1
N00001744,95HH17W1
N00001745,95HH17W1
N00001746,95HH17W1
N00001747,95HH17W1
N00001748,95HH17W1
N00001749,95HH17W1
N00001750,95II01S1
N00001751,95II01S1
N00001752,95II01S1
N00001753,95II01S1
N00001754,95II01S1
N00001755,95II01S2
N00001756,95II01S2
N00001757,95II01S2
N00001758,95II01S2
N00001759,95II01S2
N00001760,95II02S1
N00001761,95II02S1
N00001762,95II02S2
N00001763,95II02S2
N00001764,95II02S3
N00001765,95II02S3
N00001766,95II02S3
N00001767,95II03S1
N00001768,95II03S1
N00001769,95II03S1
N00001770,95II03S1
N00001771,95II03S1
N00001772,95II03S2
N00001773,95II03S2
N00001774,95II03S2
N00001775,95II03S2
N00001776,95II03S2
N00001777,95II03S2
N00001778,95II04S1
N00001779,95II04S1
N00001780,95II04S1
N00001781,95II04S1
N00001782,95II04S1
N00001783,95II04S1
N00001784,95II04S2
N00001785,95II04S2
N00001786,95II04S2
N00001787,95II04S2
N00001788,95II04S2
N00001789,95II04S2
N00001790,95II05S1
N00001791,95II05S1
N00001792,95II05S1
N00001793,95II05S1
N00001794,95II05S2
N00001795,95II05S2
N00001796,95II05S2
N00001797,95II05S2
N00001798,95II06S1
N00001799,95II06S1
N00001800,95II06S1
N00001801,95II06S1
N00001802,95II06S2
N00001803,95II06S2
N00001804,95II06S2
N00001805,95II06S2
N00001806,95II07W1
N00001807,95II07W1
N00001808,95II07W1
N00001809,95II07W1
N00001810,95II07W1
N00001811,95II07W1
N00001812,95II07W1
N00001813,95II07W1
N00001814,95II08W1
N00001815,95II08W1
N00001816,95II08W1
N00001817,95II08W1
N00001818,95II08W1
N00001819,95II08W1
N00001820,95II09S1
N00001821,95II09S1
N00001822,95II09S1
N00001823,95II09S1
N00001824,95II09S1
N00001825,95II09S2
N00001826,95II09S2
N00001827,95II09S2
N00001828,95II09S2
N00001829,95II09S2
N00001830,95II10W1
N00001831,95II10W1
N00001832,95II10W1
N00001833,95II10W1
N00001834,95II10W1
N00001835,95II10W1
N00001836,95II10W1
N00001837,95II10W1
N00001838,95II10W1
N00001839,95II11W1
N00001840,95II11W1
N00001841,95II11W1
N00001842,95II11W1
N00001843,95II11W1
N00001844,95II11W1
N00001845,95II11W1
N00001846,95II11W1
N00001847,95II12W1
N00001848,95II12W1
N00001849,95II12W1
N00001850,95II12W1
N00001851,95II12W1
N00001852,95II12W1
N00001853,95II12W1
N00001854,95II13W1
N00001855,95II13W1
N00001856,95II13W1
N00001857,95II13W1
N00001858,95II13W1
N00001859,95II13W1
N00001860,95II13W1
N00001861,95II13W1
N00001862,95II13W1
N00001863,95II13W1
N00001864,95II14W1
N00001865,95II14W1
N00001866,95II14W1
N00001867,95II14W1
N00001868,95II14W1
N00001869,95II14W1
N00001870,95II14W1
N00001871,95II15S1
N00001872,95II15S1
N00001873,95II15S1
N00001874,95II15S1
N00001875,95II15S2
N00001876,95II15S2
N00001877,95II15S2
N00001878,95II15S2
N00001879,95II15S2
N00001880,95II16W1
N00001881,95II16W1
N00001882,95II16W1
N00001883,95II16W1
N00001884,95II16W1
N00001885,95II17W1
N00001886,95II17W1
N00001887,95II17W1
N00001888,95II17W1
N00001889,95II17W1
N00001890,95II17W1
N00001891,95II17W1
N00001892,95II17W1
N00001893,95II18W1
N00001894,95II18W1
N00001895,95II18W1
N00001896,95II18W1
N00001897,95II18W1
N00001898,95II18W1
N00001899,95II18W1
N00001900,95II19S1
N00001901,95II19S1
N00001902,95II19S1
N00001903,95II19S1
N00001904,95II19S1
N00001905,95II19S2
N00001906,95II19S2
N00001907,95II19S2
N00001908,95II19S2
N00001909,95II19S2
N00001910,95II19S2
N00001911,95II20W1
N00001912,95II20W1
N00001913,95II20W1
N00001914,95II20W1
N00001915,95II20W1
N00001916,95II20W1
N00001917,95II20W1
N00001918,95II20W1
N00001919,95II21W1
N00001920,95II21W1
N00001921,95II21W1
N00001922,95II21W1
N00001923,95II21W1
N00001924,95II21W1
N00001925,95II21W1
N00001926,95II21W1
N00001927,95II22W1
N00001928,95II22W1
N00001929,95II22W1
N00001930,95II22W1
N00001931,95II22W1
N00001932,95II22W1
N00001933,95II22W1
N00001934,95II22W1
N00001935,95II23W1
N00001936,95II23W1
N00001937,95II23W1
N00001938,95II23W1
N00001939,95II23W1
N00001940,95II23W1
N00001941,95II23W1
N00001942,95JJ01W1
N00001943,95JJ01W1
N00001944,95JJ01W1
N00001945,95JJ01W1
N00001946,95JJ01W1
N00001947,95JJ01W1
N00001948,95JJ02W1
N00001949,95JJ02W1
N00001950,95JJ02W1
N00001951,95JJ02W1
N00001952,95JJ02W1
N00001953,95JJ02W1
N00001954,95JJ02W1
N00001955,95JJ02W1
N00001956,95JJ03S1
N00001957,95JJ03S1
N00001958,95JJ03S1
N00001959,95JJ03S1
N00001960,95JJ03S1
N00001961,95JJ03S2
N00001962,95JJ03S2
N00001963,95JJ03S2
N00001964,95JJ03S2
N00001965,95JJ04S1
N00001966,95JJ04S1
N00001967,95JJ04S1
N00001968,95JJ04S1
N00001969,95JJ04S2
N00001970,95JJ04S2
N00001971,95JJ04S2
N00001972,95JJ04S2
N00001973,95JJ05W1
N00001974,95JJ05W1
N00001975,95JJ05W1
N00001976,95JJ05W1
N00001977,95JJ05W1
N00001978,95JJ05W1
N00001979,95JJ06W1
N00001980,95JJ06W1
N00001981,95JJ06W1
N00001982,95JJ06W1
N00001983,95JJ06W1
N00001984,95JJ06W1
N00001985,95JJ06W1
N00001986,95JJ07W1
N00001987,95JJ07W1
N00001988,95JJ07W1
N00001989,95JJ07W1
N00001990,95JJ07W1
N00001991,95JJ07W1
N00001992,95JJ07W1
N00001993,95JJ07W1
N00001994,95JJ08S1
N00001995,95JJ08S1
N00001996,95JJ08S1
N00001997,95JJ08S1
N00001998,95JJ08S2
N00001999,95JJ08S2
N00002000,95JJ08S2
N00002001,95JJ09W1
N00002002,95JJ09W1
N00002003,95JJ09W1
N00002004,95JJ09W1
N00002005,95JJ09W1
N00002006,95JJ09W1
N00002007,95JJ09W1
N00002008,95JJ10W1
N00002009,95JJ10W1
N00002010,95JJ10W1
N00002011,95JJ10W1
N00002012,95JJ10W1
N00002013,95JJ10W1
N00002014,95JJ11S1
N00002015,95JJ11S1
N00002016,95JJ11S1
N00002017,95JJ11S1
N00002018,95JJ11S2
N00002019,95JJ11S2
N00002020,95JJ11S2
N00002021,95JJ12W1
N00002022,95JJ12W1
N00002023,95JJ12W1
N00002024,95JJ12W1
N00002025,95JJ12W1
N00002026,95JJ12W1
N00002027,95JJ12W1
N00002028,95JJ13S1
N00002029,95JJ13S1
N00002030,95JJ13S1
N00002031,95JJ13S2
N00002032,95JJ13S2
N00002033,95JJ13S2
N00002034,95JJ13S2
N00002035,95JJ13S2
N00002036,95JJ14W1
N00002037,95JJ14W1
N00002038,95JJ14W1
N00002039,95JJ14W1
N00002040,95JJ14W1
N00002041,95JJ14W1
N00002042,95JJ15W1
N00002043,95JJ15W1
N00002044,95JJ15W1
N00002045,95JJ15W1
N00002046,95JJ15W1
N00002047,95JJ16W1
N00002048,95JJ16W1
N00002049,95JJ16W1
N00002050,95JJ16W1
N00002051,95JJ16W1
N00002052,95JJ16W1
N00002053,95JJ16W1
N00002054,95JJ17W1
N00002055,95JJ17W1
N00002056,95JJ17W1
N00002057,95JJ17W1
N00002058,95JJ17W1
N00002059,95JJ18W1
N00002060,95JJ18W1
N00002061,95JJ18W1
N00002062,95JJ18W1
N00002063,95JJ19S1
N00002064,95JJ19S1
N00002065,95JJ19S1
N00002066,95JJ19S1
N00002067,95JJ19S2
N00002068,95JJ19S2
N00002069,95JJ20S1
N00002070,95JJ20S1
N00002071,95JJ20S1
N00002072,95JJ20S1
N00002073,95JJ20S2
N00002074,95JJ20S2
N00002075,95JJ20S2
N00002076,95JJ20S2
N00002077,95JJ20S2
N00002078,95JJ21W1
N00002079,95JJ21W1
N00002080,95JJ21W1
N00002081,95JJ21W1
N00002082,95JJ21W1
N00002083,95JJ22W1
N00002084,95JJ22W1
N00002085,95JJ22W1
N00002086,95JJ22W1
N00002087,95JJ22W1
N00002088,95JJ22W1
N00002089,95JJ22W1
N00002090,95KK01W1
N00002091,95KK01W1
N00002092,95KK01W1
N00002093,95KK01W1
N00002094,95KK02W1
N00002095,95KK02W1
N00002096,95KK02W1
N00002097,95KK02W1
N00002098,95KK03W1
N00002099,95KK03W1
N00002100,95KK03W1
N00002101,95KK03W1
N00002102,95KK03W1
N00002103,95KK04W1
N00002104,95KK04W1
N00002105,95KK04W1
N00002106,95KK04W1
N00002107,95KK04W1
N00002108,95KK04W1
N00002109,95KK05W1
N00002110,95KK05W1
N00002111,95KK05W1
N00002112,95KK05W1
N00002113,95KK05W1
N00002114,95KK06W1
N00002115,95KK06W1
N00002116,95KK06W1
N00002117,95KK06W1
N00002118,95KK06W1
N00002119,95KK06W1
N00002120,95KK07W1
N00002121,95KK07W1
N00002122,95KK07W1
N00002123,95KK07W1
N00002124,95KK07W1
N00002125,95KK08W1
N00002126,95KK08W1
N00002127,95KK08W1
N00002128,95KK09W1
N00002129,95KK09W1
N00002130,95KK09W1
N00002131,95KK10W1
N00002132,95KK10W1
N00002133,95KK10W1
N00002134,95KK10W1
N00002135,95KK10W1
N00002136,95KK11W1
N00002137,95KK11W1
N00002138,95KK11W1
N00002139,95KK11W1
N00002140,95KK11W1
N00002141,95KK11W1
N00002142,95KK11W1
N00002143,95KK12W1
N00002144,95KK12W1
N00002145,95KK12W1
N00002146,95KK12W1
N00002147,95KK12W1
N00002148,95KK13W1
N00002149,95KK13W1
N00002150,95KK13W1
N00002151,95KK13W1
N00002152,95KK13W1
N00002153,95KK14W1
N00002154,95KK14W1
N00002155,95KK14W1
N00002156,95KK14W1
N00002157,95KK14W1
N00002158,95KK15W1
N00002159,95KK15W1
N00002160,95KK15W1
N00002161,95KK15W1
N00002162,95KK15W1
N00002163,95KK15W1
N00002164,95KK16W1
N00002165,95KK16W1
N00002166,95KK16W1
N00002167,95KK16W1
N00002168,95KK16W1
N00002169,95KK16W1
N00002170,95LL01S1
N00002171,95LL01S1
N00002172,95LL01S1
N00002173,95LL01S1
N00002174,95LL01S1
N00002175,95LL01S2
N00002176,95LL01S2
N00002177,95LL01S2
N00002178,95LL01S2
N00002179,95LL02S1
N00002180,95LL02S1
N00002181,95LL02S1
N00002182,95LL02S1
N00002183,95LL02S2
N00002184,95LL02S2
N00002185,95LL02S2
N00002186,95LL02S2
N00002187,95LL02S2
N00002188,95LL03W1
N00002189,95LL03W1
N00002190,95LL03W1
N00002191,95LL03W1
N00002192,95LL03W1
N00002193,95LL03W1
N00002194,95LL03W1
N00002195,95LL03W1
N00002196,95LL04W1
N00002197,95LL04W1
N00002198,95LL04W1
N00002199,95LL04W1
N00002200,95LL04W1
N00002201,95LL04W1
N00002202,95LL04W1
N00002203,95LL05S1
N00002204,95LL05S1
N00002205,95LL05S1
N00002206,95LL05S2
N00002207,95LL05S2
N00002208,95LL05S2
N00002209,95LL05S2
N00002210,95LL05S2
N00002211,95LL06S1
N00002212,95LL06S1
N00002213,95LL06S1
N00002214,95LL06S1
N00002215,95LL06S2
N00002216,95LL06S2
N00002217,95LL06S2
N00002218,95LL06S2
N00002219,95LL06S2
N00002220,95LL06S2
N00002221,95LL07W1
N00002222,95LL07W1
N00002223,95LL07W1
N00002224,95LL07W1
N00002225,95LL07W1
N00002226,95LL07W1
N00002227,95LL07W1
N00002228,95LL07W1
N00002229,95LL08S1
N00002230,95LL08S1
N00002231,95LL08S1
N00002232,95LL08S2
N00002233,95LL08S2
N00002234,95LL08S2
N00002235,95LL08S2
N00002236,95LL09S1
N00002237,95LL09S1
N00002238,95LL09S1
N00002239,95LL09S1
N00002240,95LL09S2
N00002241,95LL09S2
N00002242,95LL09S2
N00002243,95LL09S2
N00002244,95LL09S2
N00002245,95LL09S2
N00002246,95LL10S1
N00002247,95LL10S1
N00002248,95LL10S1
N00002249,95LL10S1
N00002250,95LL10S1
N00002251,95LL10S1
N00002252,95LL10S2
N00002253,95LL10S2
N00002254,95LL10S2
N00002255,95LL10S2
N00002256,95LL11S1
N00002257,95LL11S1
N00002258,95LL11S1
N00002259,95LL11S1
N00002260,95LL11S2
N00002261,95LL11S2
N00002262,95LL11S2
N00002263,95LL11S2
N00002264,95LL12S1
N00002265,95LL12S1
N00002266,95LL12S1
N00002267,95LL12S1
N00002268,95LL12S1
N00002269,95LL12S2
N00002270,95LL12S2
N00002271,95LL12S2
N00002272,95LL12S2
N00002273,95LL13S1
N00002274,95LL13S1
N00002275,95LL13S1
N00002276,95LL13S1
N00002277,95LL13S2
N00002278,95LL13S2
N00002279,95LL13S2
N00002280,95LL13S2
N00002281,95LL14S1
N00002282,95LL14S1
N00002283,95LL14S1
N00002284,95LL14S1
N00002285,95LL14S2
N00002286,95LL14S2
N00002287,95LL14S2
N00002288,95LL14S2
N00002289,95LL15S1
N00002290,95LL15S1
N00002291,95LL15S1
N00002292,95LL15S1
N00002293,95LL15S2
N00002294,95LL15S2
N00002295,95LL15S2
N00002296,95LL15S2
N00002297,95LL15S2
N00002298,95LL16S1
N00002299,95LL16S1
N00002300,95LL16S1
N00002301,95LL16S1
N00002302,95LL16S1
N00002303,95LL16S2
N00002304,95LL16S2
N00002305,95LL16S2
N00002306,95LL16S2
N00002307,95LL16S2
N00002308,95LL17W1
N00002309,95LL17W1
N00002310,95LL17W1
N00002311,95LL17W1
N00002312,95LL17W1
N00002313,95LL17W1
N00002314,95LL17W1
N00002315,95LL17W1
N00002316,95LL17W1
N00002317,95LL18S1
N00002318,95LL18S1
N00002319,95LL18S1
N00002320,95LL18S1
N00002321,95LL18S1
N00002322,95LL18S2
N00002323,95LL18S2
N00002324,95LL18S2
N00002325,95LL18S2
N00002326,95LL19S1
N00002327,95LL19S1
N00002328,95LL19S1
N00002329,95LL19S1
N00002330,95LL19S2
N00002331,95LL19S2
N00002332,95LL19S2
N00002333,95LL19S2
N00002334,95LL19S2
N00002335,95LL19S2
N00002336,95LL20W1
N00002337,95LL20W1
N00002338,95LL20W1
N00002339,95LL20W1
N00002340,95LL20W1
N00002341,95LL20W1
N00002342,95LL20W1
N00002343,95LL20W1
N00002344,95LL21W1
N00002345,95LL21W1
N00002346,95LL21W1
N00002347,95LL21W1
N00002348,95LL21W1
N00002349,95LL21W1
N00002350,95LL21W1
N00002351,95LL21W1
N00002352,95LL21W1
N00002353,95LL22W1
N00002354,95LL22W1
N00002355,95LL22W1
N00002356,95LL22W1
N00002357,95LL22W1
N00002358,95LL22W1
N00002359,95LL22W1
N00002360,95LL23W1
N00002361,95LL23W1
N00002362,95LL23W1
N00002363,95LL23W1
N00002364,95LL23W1
N00002365,95LL23W1
N00002366,95LL23W1
N00002367,95LL23W1
N00002368,95LL24S1
N00002369,95LL24S1
N00002370,95LL24S1
N00002371,95LL24S1
N00002372,95LL24S2
N00002373,95LL24S2
N00002374,95LL24S2
N00002375,95LL24S2
N00002376,95LL25S1
N00002377,95LL25S1
N00002378,95LL25S1
N00002379,95LL25S1
N00002380,95LL25S1
N00002381,95LL25S2
N00002382,95LL25S2
N00002383,95LL25S2
N00002384,95LL25S2
N00002385,95LL25S2
N00002386,95LL26S1
N00002387,95LL26S1
N00002388,95LL26S1
N00002389,95LL26S1
N00002390,95LL26S1
N00002391,95LL26S2
N00002392,95LL26S2
N00002393,95LL26S2
N00002394,95LL26S2
N00002395,95LL26S2
N00002396,95MM01S1
N00002397,95MM01S1
N00002398,95MM01S1
N00002399,95MM01S1
N00002400,95MM01S1
N00002401,95MM01S2
N00002402,95MM01S2
N00002403,95MM01S3
N00002404,95MM01S3
N00002405,95MM01S3
N00002406,95MM02S1
N00002407,95MM02S1
N00002408,95MM02S1
N00002409,95MM02S1
N00002410,95MM02S1
N00002411,95MM02S2
N00002412,95MM02S2
N00002413,95MM02S2
N00002414,95MM02S2
N00002415,95MM02S2
N00002416,95MM03W1
N00002417,95MM03W1
N00002418,95MM03W1
N00002419,95MM03W1
N00002420,95MM03W1
N00002421,95MM03W1
N00002422,95MM03W1
N00002423,95MM04W1
N00002424,95MM04W1
N00002425,95MM04W1
N00002426,95MM04W1
N00002427,95MM04W1
N00002428,95MM04W1
N00002429,95MM04W1
N00002430,95MM05W1
N00002431,95MM05W1
N00002432,95MM05W1
N00002433,95MM05W1
N00002434,95MM05W1
N00002435,95MM05W1
N00002436,95MM06S1
N00002437,95MM06S1
N00002438,95MM06S1
N00002439,95MM06S1
N00002440,95MM06S2
N00002441,95MM06S2
N00002442,95MM06S2
N00002443,95MM06S2
N00002444,95MM07W1
N00002445,95MM07W1
N00002446,95MM07W1
N00002447,95MM07W1
N00002448,95MM07W1
N00002449,95MM07W1
N00002450,95MM07W1
N00002451,95MM08S1
N00002452,95MM08S1
N00002453,95MM08S1
N00002454,95MM08S2
N00002455,95MM08S2
N00002456,95MM08S2
N00002457,95MM08S2
N00002458,95MM09S1
N00002459,95MM09S1
N00002460,95MM09S1
N00002461,95MM09S2
N00002462,95MM09S2
N00002463,95MM09S2
N00002464,95MM09S2
N00002465,95MM10S1
N00002466,95MM10S1
N00002467,95MM10S1
N00002468,95MM10S2
N00002469,95MM10S2
N00002470,95MM10S2
N00002471,95MM11W1
N00002472,95MM11W1
N00002473,95MM11W1
N00002474,95MM11W1
N00002475,95MM11W1
N00002476,95MM11W1
N00002477,95MM12S1
N00002478,95MM12S1
N00002479,95MM12S1
N00002480,95MM12S1
N00002481,95MM12S2
N00002482,95MM12S2
N00002483,95MM12S2
N00002484,95MM12S2
N00002485,95MM12S3
N00002486,95MM12S3
N00002487,95MM12S3
N00002488,95MM12S3
N00002489,95MM13S1
N00002490,95MM13S1
N00002491,95MM13S2
N00002492,95MM13S2
N00002493,95MM13S2
N00002494,95MM13S2
N00002495,95MM13S3
N00002496,95MM13S3
N00002497,95MM13S3
N00002498,95MM13S4
N00002499,95MM13S4
N00002500,95MM13S4
N00002501,95MM13S5
N00002502,95MM13S5
N00002503,95MM14S1
N00002504,95MM14S1
N00002505,95MM14S1
N00002506,95MM14S2
N00002507,95MM14S2
N00002508,95MM14S2
N00002509,95MM14S2
N00002510,95MM14S2
N00002511,95MM14S2
N00002512,95MM15S1
N00002513,95MM15S1
N00002514,95MM15S1
N00002515,95MM15S1
N00002516,95MM15S2
N00002517,95MM15S2
N00002518,95MM15S2
N00002519,95MM15S2
N00002520,95MM15S2
N00002521,95MM16S1
N00002522,95MM16S1
N00002523,95MM16S1
N00002524,95MM16S1
N00002525,95MM16S2
N00002526,95MM16S2
N00002527,95MM16S2
N00002528,95MM17S1
N00002529,95MM17S1
N00002530,95MM17S1
N00002531,95MM17S1
N00002532,95MM17S1
N00002533,95MM17S2
N00002534,95MM17S2
N00002535,95MM17S2
N00002536,95MM18S1
N00002537,95MM18S1
N00002538,95MM18S2
N00002539,95MM18S2
N00002540,95MM18S2
N00002541,95MM19S1
N00002542,95MM19S1
N00002543,95MM19S2
N00002544,95MM19S2
N00002545,95MM19S2
N00002546,95MM19S2
N00002547,95MM20S1
N00002548,95MM20S1
N00002549,95MM20S2
N00002550,95MM20S2
N00002551,95MM20S2
N00002552,95MM20S2
N00002553,95MM20S2
N00002554,95MM20S2
N00002555,95MM21S1
N00002556,95MM21S1
N00002557,95MM21S1
N00002558,95MM21S1
N00002559,95MM21S1
N00002560,95MM21S2
N00002561,95MM21S2
N00002562,95MM21S2
N00002563,95MM21S2
N00002564,95MM21S2
N00002565,95MM22S1
N00002566,95MM22S1
N00002567,95MM22S1
N00002568,95MM22S1
N00002569,95MM22S2
N00002570,95MM22S2
N00002571,95MM22S2
N00002572,95MM22S2
N00002573,95MM23W1
N00002574,95MM23W1
N00002575,95MM23W1
N00002576,95MM23W1
N00002577,95MM23W1
N00002578,95MM23W1
N00002579,95MM24W1
N00002580,95MM24W1
N00002581,95MM24W1
N00002582,95MM24W1
N00002583,95MM25S1
N00002584,95MM25S1
N00002585,95MM25S1
N00002586,95MM25S1
N00002587,95MM25S2
N00002588,95MM25S2
N00002589,95MM25S2
N00002590,95MM25S3
N00002591,95MM25S4
N00002592,95MM25S4
N00002593,95MM25S4
N00002594,95MM26S1
N00002595,95MM26S1
N00002596,95MM26S1
N00002597,95MM26S1
N00002598,95MM26S1
N00002599,95MM26S2
N00002600,95MM26S2
N00002601,95MM26S2
N00002602,95MM26S2
N00002603,95MM27S1
N00002604,95MM27S1
N00002605,95MM27S1
N00002606,95MM27S1
N00002607,95MM27S1
N00002608,95MM27S2
N00002609,95MM27S2
N00002610,95MM27S2
N00002611,95MM27S2
N00002612,95MM27S2
N00002613,95MM28W1
N00002614,95MM28W1
N00002615,95MM28W1
N00002616,95MM28W1
N00002617,95MM28W1
N00002618,95MM28W1
N00002619,95MM29W1
N00002620,95MM29W1
N00002621,95MM29W1
N00002622,95MM29W1
N00002623,95MM29W1
N00002624,95MM29W1
N00002625,95MM29W1
N00002626,95MM29W1
N00002627,95MM30W1
N00002628,95MM30W1
N00002629,95MM30W1
N00002630,95MM30W1
N00002631,95MM30W1
N00002632,95NN01S1
N00002633,95NN01S1
N00002634,95NN01S1
N00002635,95NN01S1
N00002636,95NN01S2
N00002637,95NN01S2
N00002638,95NN01S2
N00002639,95NN01S2
N00002640,95NN02W1
N00002641,95NN02W1
N00002642,95NN02W1
N00002643,95NN02W1
N00002644,95NN02W1
N00002645,95NN02W1
N00002646,95NN03S1
N00002647,95NN03S1
N00002648,95NN03S1
N00002649,95NN03S2
N00002650,95NN03S2
N00002651,95NN03S2
N00002652,95NN03S2
N00002653,95NN04W1
N00002654,95NN04W1
N00002655,95NN04W1
N00002656,95NN04W1
N00002657,95NN04W1
N00002658,95NN04W1
N00002659,95NN04W1
N00002660,95NN05W1
N00002661,95NN05W1
N00002662,95NN05W1
N00002663,95NN05W1
N00002664,95NN05W1
N00002665,95NN05W1
N00002666,95NN05W1
N00002667,95NN06S1
N00002668,95NN06S1
N00002669,95NN06S2
N00002670,95NN06S2
N00002671,95NN07S1
N00002672,95NN07S1
N00002673,95NN07S2
N00002674,95NN07S2
N00002675,95NN08S1
N00002676,95NN08S1
N00002677,95NN08S1
N00002678,95NN08S2
N00002679,95NN08S2
N00002680,95NN08S2
N00002681,95NN08S2
N00002682,95NN09S1
N00002683,95NN09S1
N00002684,95NN09S1
N00002685,95NN09S1
N00002686,95NN09S2
N00002687,95NN09S2
N00002688,95NN09S2
N00002689,95NN09S2
N00002690,95NN10S1
N00002691,95NN10S1
N00002692,95NN10S1
N00002693,95NN10S1
N00002694,95NN10S1
N00002695,95NN10S2
N00002696,95NN10S2
N00002697,95NN10S2
N00002698,95NN10S2
N00002699,95NN11S1
N00002700,95NN11S1
N00002701,95NN11S1
N00002702,95NN11S1
N00002703,95NN11S2
N00002704,95NN11S2
N00002705,95NN11S2
N00002706,95NN11S2
N00002707,95NN12W1
N00002708,95NN12W1
N00002709,95NN12W1
N00002710,95NN12W1
N00002711,95NN12W1
N00002712,95NN12W1
N00002713,95NN13W1
N00002714,95NN13W1
N00002715,95NN13W1
N00002716,95NN13W1
N00002717,95NN13W1
N00002718,95NN13W1
N00002719,95NN13W1
N00002720,95NN14S1
N00002721,95NN14S1
N00002722,95NN14S1
N00002723,95NN14S1
N00002724,95NN14S1
N00002725,95NN14S2
N00002726,95NN14S2
N00002727,95NN15W1
N00002728,95NN15W1
N00002729,95NN15W1
N00002730,95NN15W1
N00002731,95NN15W1
N00002732,95NN15W1
N00002733,95NN15W1
N00002734,95NN16S1
N00002735,95NN16S1
N00002736,95NN16S1
N00002737,95NN16S1
N00002738,95NN16S2
N00002739,95NN16S2
N00002740,95NN16S2
N00002741,95NN16S2
N00002742,95NN17W1
N00002743,95NN17W1
N00002744,95NN17W1
N00002745,95NN17W1
N00002746,95NN17W1
N00002747,95NN17W1
N00002748,95NN17W1
N00002749,95NN18S1
N00002750,95NN18S1
N00002751,95NN18S1
N00002752,95NN18S1
N00002753,95NN18S2
N00002754,95NN18S2
N00002755,95NN18S2
N00002756,95NN19S1
N00002757,95NN19S1
N00002758,95NN19S1
N00002759,95NN19S1
N00002760,95NN19S1
N00002761,95NN19S2
N00002762,95NN19S2
N00002763,95NN19S2
N00002764,95NN20W1
N00002765,95NN20W1
N00002766,95NN20W1
N00002767,95NN20W1
N00002768,95NN20W1
N00002769,95NN20W1
N00002770,95NN20W1
N00002771,95NN21W1
N00002772,95NN21W1
N00002773,95NN21W1
N00002774,95NN21W1
N00002775,95NN21W1
N00002776,95NN21W1
N00002777,95NN21W1
N00002778,95NN21W1
N00002779,95NN22W1
N00002780,95NN22W1
N00002781,95NN22W1
N00002782,95NN22W1
N00002783,95NN22W1
N00002784,95NN22W1
N00002785,95NN23S1
N00002786,95NN23S1
N00002787,95NN23S1
N00002788,95NN23S2
N00002789,95NN23S2
N00002790,95NN23S2
N00002791,95NN23S2
N00002792,95OO01W1
N00002793,95OO01W1
N00002794,95OO01W1
N00002795,95OO01W1
N00002796,95OO01W1
N00002797,95OO02W1
N00002798,95OO02W1
N00002799,95OO02W1
N00002800,95OO02W1
N00002801,95OO02W1
N00002802,95OO03W1
N00002803,95OO03W1
N00002804,95OO03W1
N00002805,95OO03W1
N00002806,95OO03W1
N00002807,95OO03W1
N00002808,95OO04W1
N00002809,95OO04W1
N00002810,95OO04W1
N00002811,95OO04W1
N00002812,95OO04W1
N00002813,95OO04W1
N00002814,95OO05W1
N00002815,95OO05W1
N00002816,95OO05W1
N00002817,95OO05W1
N00002818,95OO05W1
N00002819,95OO05W1
N00002820,95OO06W1
N00002821,95OO06W1
N00002822,95OO06W1
N00002823,95OO06W1
N00002824,95OO06W1
N00002825,95OO06W1
N00002826,95OO07W1
N00002827,95OO07W1
N00002828,95OO07W1
N00002829,95OO07W1
N00002830,95OO07W1
N00002831,95OO07W1
N00002832,95OO08W1
N00002833,95OO08W1
N00002834,95OO08W1
N00002835,95OO08W1
N00002836,95OO08W1
N00002837,95OO08W1
N00002838,95OO09W1
N00002839,95OO09W1
N00002840,95OO09W1
N00002841,95OO10W1
N00002842,95OO10W1
N00002843,95OO10W1
N00002844,95OO10W1
N00002845,95OO10W1
N00002846,95OO10W1
N00002847,95OO10W1
N00002848,95OO11W1
N00002849,95OO11W1
N00002850,95OO11W1
N00002851,95OO11W1
N00002852,95OO11W1
N00002853,95OO12W1
N00002854,95OO12W1
N00002855,95OO12W1
N00002856,95OO12W1
N00002857,95OO12W1
N00002858,95OO13W1
N00002859,95OO13W1
N00002860,95OO13W1
N00002861,95OO13W1
N00002862,95OO13W1
N00002863,95OO13W1
N00002864,95OO13W1
N00002865,95OO14W1
N00002866,95OO14W1
N00002867,95OO14W1
N00002868,95OO14W1
N00002869,95OO14W1
N00002870,95OO15W1
N00002871,95OO15W1
N00002872,95OO15W1
N00002873,95OO15W1
N00002874,95OO15W1
N00002875,95OO16W1
N00002876,95OO16W1
N00002877,95OO16W1
N00002878,95OO16W1
N00002879,95OO17W1
N00002880,95OO17W1
N00002881,95OO17W1
N00002882,95OO17W1
N00002883,95OO17W1
N00002884,95OO17W1
N00002885,95OO18W1
N00002886,95OO18W1
N00002887,95OO18W1
N00002888,95OO18W1
N00002889,95OO18W1
N00002890,95OO19W1
N00002891,95OO19W1
N00002892,95OO19W1
N00002893,95OO19W1
N00002894,95OO19W1
N00002895,95OO19W1
N00002896,95OO19W1
N00002897,95OO20W1
N00002898,95OO20W1
N00002899,95OO20W1
N00002900,95OO20W1
N00002901,95OO20W1
N00002902,95OO21W1
N00002903,95OO21W1
N00002904,95OO21W1
N00002905,95OO21W1
N00002906,95OO21W1
N00002907,95OO22W1
N00002908,95OO22W1
N00002909,95OO22W1
N00002910,95OO22W1
N00002911,95OO22W1
N00002912,95PP01W1
N00002913,95PP01W1
N00002914,95PP01W1
N00002915,95PP01W1
N00002916,95PP01W1
N00002917,95PP02W1
N00002918,95PP02W1
N00002919,95PP02W1
N00002920,95PP02W1
N00002921,95PP02W1
N00002922,95PP02W1
N00002923,95PP02W1
N00002924,95PP03W1
N00002925,95PP03W1
N00002926,95PP03W1
N00002927,95PP03W1
N00002928,95PP03W1
N00002929,95PP03W1
N00002930,95PP04W1
N00002931,95PP04W1
N00002932,95PP04W1
N00002933,95PP04W1
N00002934,95PP04W1
N00002935,95PP04W1
N00002936,95PP04W1
N00002937,95PP05W1
N00002938,95PP05W1
N00002939,95PP05W1
N00002940,95PP05W1
N00002941,95PP05W1
N00002942,95PP05W1
N00002943,95PP06S1
N00002944,95PP06S1
N00002945,95PP06S1
N00002946,95PP06S1
N00002947,95PP06S1
N00002948,95PP06S2
N00002949,95PP06S2
N00002950,95PP06S2
N00002951,95PP06S2
N00002952,95PP06S2
N00002953,95PP06S2
N00002954,95PP07W1
N00002955,95PP07W1
N00002956,95PP07W1
N00002957,95PP07W1
N00002958,95PP07W1
N00002959,95PP07W1
N00002960,95PP08W1
N00002961,95PP08W1
N00002962,95PP08W1
N00002963,95PP08W1
N00002964,95PP08W1
N00002965,95PP08W1
N00002966,95PP08W1
N00002967,95PP09W1
N00002968,95PP09W1
N00002969,95PP09W1
N00002970,95PP09W1
N00002971,95PP09W1
N00002972,95PP09W1
N00002973,95PP10W1
N00002974,95PP10W1
N00002975,95PP10W1
N00002976,95PP10W1
N00002977,95PP10W1
N00002978,95PP10W1
N00002979,95PP11W1
N00002980,95PP11W1
N00002981,95PP11W1
N00002982,95PP11W1
N00002983,95PP11W1
N00002984,95PP11W1
N00002985,95PP11W1
N00002986,95PP11W1
N00002987,95PP12W1
N00002988,95PP12W1
N00002989,95PP12W1
N00002990,95PP12W1
N00002991,95PP12W1
N00002992,95PP12W1
N00002993,95PP13W1
N00002994,95PP13W1
N00002995,95PP13W1
N00002996,95PP13W1
N00002997,95PP13W1
N00002998,95PP13W1
N00002999,95PP13W1
N00003000,95PP14S1
N00003001,95PP14S1
N00003002,95PP14S1
N00003003,95PP14S2
N00003004,95PP14S2
N00003005,95PP14S2
N00003006,95PP15W1
N00003007,95PP15W1
N00003008,95PP15W1
N00003009,95PP15W1
N00003010,95PP15W1
N00003011,95PP15W1
N00003012,95PP15W1
N00003013,95PP16W1
N00003014,95PP16W1
N00003015,95PP16W1
N00003016,95PP16W1
N00003017,95PP16W1
N00003018,95PP17W1
N00003019,95PP17W1
N00003020,95PP17W1
N00003021,95PP17W1
N00003022,95PP17W1
N00003023,95PP17W1
N00003024,95PP17W1
N00003025,95PP18W1
N00003026,95PP18W1
N00003027,95PP18W1
N00003028,95PP18W1
N00003029,95PP18W1
N00003030,95PP18W1
N00003031,95PP18W1
N00003032,95PP19W1
N00003033,95PP19W1
N00003034,95PP19W1
N00003035,95PP19W1
N00003036,95PP19W1
N00003037,95PP19W1
N00003038,95PP19W1
N00003039,95PP20W1
N00003040,95PP20W1
N00003041,95PP20W1
N00003042,95PP20W1
N00003043,95PP20W1
N00003044,95PP20W1
N00003045,95PP20W1
N00003046,95PP20W1
N00003047,95PP21W1
N00003048,95PP21W1
N00003049,95PP21W1
N00003050,95PP21W1
N00003051,95PP21W1
N00003052,95PP21W1
N00003053,95PP22W1
N00003054,95PP22W1
N00003055,95PP22W1
N00003056,95PP22W1
N00003057,95PP22W1
N00003058,95PP22W1
N00003059,95PP22W1
N00003060,95PP22W1
N00003061,95PP23W1
N00003062,95PP23W1
N00003063,95PP23W1
N00003064,95PP23W1
N00003065,95PP23W1
N00003066,95PP23W1
N00003067,95QQ01W1
N00003068,95QQ01W1
N00003069,95QQ01W1
N00003070,95QQ01W1
N00003071,95QQ01W1
N00003072,95QQ01W1
N00003073,95QQ02W1
N00003074,95QQ02W1
N00003075,95QQ02W1
N00003076,95QQ02W1
N00003077,95QQ02W1
N00003078,95QQ02W1
N00003079,95QQ03W1
N00003080,95QQ03W1
N00003081,95QQ03W1
N00003082,95QQ03W1
N00003083,95QQ03W1
N00003084,95QQ04W1
N00003085,95QQ04W1
N00003086,95QQ04W1
N00003087,95QQ04W1
N00003088,95QQ04W1
N00003089,95QQ04W1
N00003090,95QQ05W1
N00003091,95QQ05W1
N00003092,95QQ05W1
N00003093,95QQ05W1
N00003094,95QQ05W1
N00003095,95QQ05W1
N00003096,95QQ05W1
N00003097,95QQ05W1
N00003098,95QQ06W1
N00003099,95QQ06W1
N00003100,95QQ06W1
N00003101,95QQ06W1
N00003102,95QQ06W1
N00003103,95QQ07W1
N00003104,95QQ07W1
N00003105,95QQ07W1
N00003106,95QQ07W1
N00003107,95QQ07W1
N00003108,95QQ07W1
N00003109,95QQ07W1
N00003110,95QQ08W1
N00003111,95QQ08W1
N00003112,95QQ08W1
N00003113,95QQ08W1
N00003114,95QQ08W1
N00003115,95QQ08W1
N00003116,95QQ09W1
N00003117,95QQ09W1
N00003118,95QQ09W1
N00003119,95QQ09W1
N00003120,95QQ09W1
N00003121,95QQ09W1
N00003122,95QQ09W1
N00003123,95QQ10W1
N00003124,95QQ10W1
N00003125,95QQ10W1
N00003126,95QQ10W1
N00003127,95QQ10W1
N00003128,95QQ11W1
N00003129,95QQ11W1
N00003130,95QQ11W1
N00003131,95QQ11W1
N00003132,95QQ11W1
N00003133,95QQ12W1
N00003134,95QQ12W1
N00003135,95QQ12W1
N00003136,95QQ12W1
N00003137,95QQ12W1
N00003138,95QQ12W1
N00003139,95QQ13W1
N00003140,95QQ13W1
N00003141,95QQ13W1
N00003142,95QQ13W1
N00003143,95QQ13W1
N00003144,95QQ13W1
N00003145,95QQ14S1
N00003146,95QQ14S1
N00003147,95QQ14S1
N00003148,95QQ14S1
N00003149,95QQ14S1
N00003150,95QQ14S2
N00003151,95QQ14S2
N00003152,95QQ14S2
N00003153,95QQ14S2
N00003154,95QQ14S2
N00003155,95QQ15W1
N00003156,95QQ15W1
N00003157,95QQ15W1
N00003158,95QQ15W1
N00003159,95QQ15W1
N00003160,95QQ15W1
N00003161,95RR01S1
N00003162,95RR01S1
N00003163,95RR01S2
N00003164,95RR01S2
N00003165,95RR01S2
N00003166,95RR01S2
N00003167,95RR02W1
N00003168,95RR02W1
N00003169,95RR02W1
N00003170,95RR02W1
N00003171,95RR03W1
N00003172,95RR03W1
N00003173,95RR03W1
N00003174,95RR03W1
N00003175,95RR03W1
N00003176,95RR04W1
N00003177,95RR04W1
N00003178,95RR04W1
N00003179,95RR04W1
N00003180,95RR05S1
N00003181,95RR05S1
N00003182,95RR05S1
N00003183,95RR05S1
N00003184,95RR05S2
N00003185,95RR05S2
N00003186,95RR05S2
N00003187,95RR05S2
N00003188,95RR06W1
N00003189,95RR06W1
N00003190,95RR06W1
N00003191,95RR06W1
N00003192,95RR06W1
N00003193,95RR07W1
N00003194,95RR07W1
N00003195,95RR07W1
N00003196,95RR07W1
N00003197,95RR07W1
N00003198,95RR07W1
N00003199,95RR08W1
N00003200,95RR08W1
N00003201,95RR08W1
N00003202,95RR08W1
N00003203,95RR08W1
N00003204,95RR09S1
N00003205,95RR09S1
N00003206,95RR09S1
N00003207,95RR09S1
N00003208,95RR09S1
N00003209,95RR09S2
N00003210,95RR09S2
N00003211,95RR10W1
N00003212,95RR10W1
N00003213,95RR10W1
N00003214,95RR10W1
N00003215,95RR10W1
N00003216,95RR11W1
N00003217,95RR11W1
N00003218,95RR11W1
N00003219,95RR11W1
N00003220,95RR11W1
N00003221,95RR12W1
N00003222,95RR12W1
N00003223,95RR12W1
N00003224,95RR12W1
N00003225,95RR12W1
N00003226,95RR13W1
N00003227,95RR13W1
N00003228,95RR13W1
N00003229,95RR13W1
N00003230,95RR13W1
N00003231,95RR13W1
N00003232,95RR14W1
N00003233,95RR14W1
N00003234,95RR14W1
N00003235,95RR14W1
N00003236,95RR15W1
N00003237,95RR15W1
N00003238,95RR15W1
N00003239,95RR15W1
N00003240,95SS01S1
N00003241,95SS01S1
N00003242,95SS01S1
N00003243,95SS01S1
N00003244,95SS01S1
N00003245,95SS01S2
N00003246,95SS01S2
N00003247,95SS01S2
N00003248,95SS01S2
N00003249,95SS01S2
N00003250,95SS02S1
N00003251,95SS02S1
N00003252,95SS02S1
N00003253,95SS02S1
N00003254,95SS02S1
N00003255,95SS02S1
N00003256,95SS02S1
N00003257,95SS02S2
N00003258,95SS02S2
N00003259,95SS02S2
N00003260,95SS02S2
N00003261,95SS02S2
N00003262,95SS03S1
N00003263,95SS03S1
N00003264,95SS03S1
N00003265,95SS03S1
N00003266,95SS03S2
N00003267,95SS03S2
N00003268,95SS03S2
N00003269,95SS03S2
N00003270,95SS03S2
N00003271,95SS04S1
N00003272,95SS04S1
N00003273,95SS04S1
N00003274,95SS04S1
N00003275,95SS04S2
N00003276,95SS04S2
N00003277,95SS04S2
N00003278,95SS04S2
N00003279,95SS04S2
N00003280,95SS04S3
N00003281,95SS04S3
N00003282,95SS04S3
N00003283,95SS05S1
N00003284,95SS05S1
N00003285,95SS05S1
N00003286,95SS05S1
N00003287,95SS05S1
N00003288,95SS05S1
N00003289,95SS05S2
N00003290,95SS05S2
N00003291,95SS05S2
N00003292,95SS05S2
N00003293,95SS06S1
N00003294,95SS06S1
N00003295,95SS06S1
N00003296,95SS06S2
N00003297,95SS06S2
N00003298,95SS06S2
N00003299,95SS06S2
N00003300,95SS06S2
N00003301,95SS06S3
N00003302,95SS06S3
N00003303,95SS06S3
N00003304,95SS06S3
N00003305,95SS06S3
N00003306,95SS07S1
N00003307,95SS07S3
N00003308,95SS07S1
N00003309,95SS07S3
N00003310,95SS07S3
N00003311,95SS07S2
N00003312,95SS07S2
N00003313,95SS07S3
N00003314,95SS07S3
N00003315,95SS07S3
N00003316,95SS07S3
N00003317,95SS08S1
N00003318,95SS08S1
N00003319,95SS08S1
N00003320,95SS08S1
N00003321,95SS08S2
N00003322,95SS08S2
N00003323,95SS08S2
N00003324,95SS08S2
N00003325,95SS08S2
N00003326,95SS08S2
N00003327,95SS09S1
N00003328,95SS09S1
N00003329,95SS09S1
N00003330,95SS09S1
N00003331,95SS09S1
N00003332,95SS09S2
N00003333,95SS09S2
N00003334,95SS09S2
N00003335,95SS09S2
N00003336,95SS09S2
N00003337,95SS10S1
N00003338,95SS10S1
N00003339,95SS10S1
N00003340,95SS10S1
N00003341,95SS10S1
N00003342,95SS10S1
N00003343,95SS10S1
N00003344,95SS10S2
N00003345,95SS10S2
N00003346,95SS10S2
N00003347,95SS10S2
N00003348,95SS10S2
N00003349,95SS11S1
N00003350,95SS11S1
N00003351,95SS11S1
N00003352,95SS11S1
N00003353,95SS11S1
N00003354,95SS11S2
N00003355,95SS11S2
N00003356,95SS11S2
N00003357,95SS11S2
N00003358,95SS11S2
N00003359,95SS11S2
N00003360,95SS12W1
N00003361,95SS12W1
N00003362,95SS12W1
N00003363,95SS12W1
N00003364,95SS12W1
N00003365,95SS12W1
N00003366,95SS12W1
N00003367,95SS12W1
N00003368,95SS13S1
N00003369,95SS13S1
N00003370,95SS13S1
N00003371,95SS13S1
N00003372,95SS13S1
N00003373,95SS13S2
N00003374,95SS13S2
N00003375,95SS13S2
N00003376,95SS13S2
N00003377,95SS13S2
N00003378,95SS14S1
N00003379,95SS14S1
N00003380,95SS14S1
N00003381,95SS14S1
N00003382,95SS14S1
N00003383,95SS14S2
N00003384,95SS14S2
N00003385,95SS14S2
N00003386,95SS14S2
N00003387,95SS15S1
N00003388,95SS15S1
N00003389,95SS15S1
N00003390,95SS15S1
N00003391,95SS15S1
N00003392,95SS15S2
N00003393,95SS15S2
N00003394,95SS15S2
N00003395,95SS15S2
N00003396,95SS15S2
N00003397,95SS16S1
N00003398,95SS16S1
N00003399,95SS16S1
N00003400,95SS16S1
N00003401,95SS16S2
N00003402,95SS16S2
N00003403,95SS16S2
N00003404,95SS16S2
N00003405,95SS16S2
N00003406,95SS17S1
N00003407,95SS17S1
N00003408,95SS17S1
N00003409,95SS17S1
N00003410,95SS17S1
N00003411,95SS17S1
N00003412,95SS17S2
N00003413,95SS17S2
N00003414,95SS17S2
N00003415,95SS17S2
N00003416,95SS17S2
N00003417,95SS18S1
N00003418,95SS18S1
N00003419,95SS18S1
N00003420,95SS18S1
N00003421,95SS18S1
N00003422,95SS18S2
N00003423,95SS18S2
N00003424,95SS18S2
N00003425,95SS18S2
N00003426,95SS19S1
N00003427,95SS19S1
N00003428,95SS19S1
N00003429,95SS19S2
N00003430,95SS19S2
N00003431,95SS19S2
N00003432,95SS19S2
N00003433,95SS19S2
N00003434,95SS20W1
N00003435,95SS20W1
N00003436,95SS20W1
N00003437,95SS20W1
N00003438,95SS20W1
N00003439,95SS20W1
N00003440,95SS20W1
N00003441,95SS20W1
N00003442,95SS20W1
N00003443,95SS21S1
N00003444,95SS21S1
N00003445,95SS21S1
N00003446,95SS21S1
N00003447,95SS21S1
N00003448,95SS21S2
N00003449,95SS21S2
N00003450,95SS21S2
N00003451,95SS21S2
N00003452,95SS21S2
N00003453,95SS22S1
N00003454,95SS22S1
N00003455,95SS22S1
N00003456,95SS22S1
N00003457,95SS22S1
N00003458,95SS22S2
N00003459,95SS22S2
N00003460,95SS22S2
N00003461,95SS22S2
N00003462,95SS22S2
N00003463,95SS23S1
N00003464,95SS23S1
N00003465,95SS23S1
N00003466,95SS23S1
N00003467,95SS23S1
N00003468,95SS23S1
N00003469,95SS23S2
N00003470,95SS23S2
N00003471,95SS23S2
N00003472,95SS23S2
N00003473,95SS23S2
N00003474,95SS24S1
N00003475,95SS24S1
N00003476,95SS24S1
N00003477,95SS24S1
N00003478,95SS24S2
N00003479,95SS24S2
N00003480,95SS24S2
N00003481,95SS24S2
N00003482,95SS24S2
N00003483,95SS25W1
N00003484,95SS25W1
N00003485,95SS25W1
N00003486,95SS25W1
N00003487,95SS25W1
N00003488,95SS25W1
N00003489,95SS25W1
N00003490,95SS26S1
N00003491,95SS26S1
N00003492,95SS26S1
N00003493,95SS26S1
N00003494,95SS26S2
N00003495,95SS26S2
N00003496,95SS26S2
N00003497,95SS27W1
N00003498,95SS27W1
N00003499,95SS27W1
N00003500,95SS27W1
N00003501,95SS27W1
N00003502,95SS27W1
N00003503,95SS27W1
N00003504,95SS27W1
N00003505,95SS27W1
N00003506,95SS28W1
N00003507,95SS28W1
N00003508,95SS28W1
N00003509,95SS28W1
N00003510,95SS28W1
N00003511,95SS28W1
N00003512,95SS28W1
N00003513,95SS28W1
N00003514,95SS29S1
N00003515,95SS29S1
N00003516,95SS29S1
N00003517,95SS29S2
N00003518,95SS29S2
N00003519,95SS29S2
N00003520,95SS29S2
N00003521,95SS30S1
N00003522,95SS30S1
N00003523,95SS30S2
N00003524,95SS30S2
N00003525,95SS30S2
N00003526,95SS30S2
N00003527,95TT01W1
N00003528,95TT01W1
N00003529,95TT01W1
N00003530,95TT01W1
N00003531,95TT01W1
N00003532,95TT02W1
N00003533,95TT02W1
N00003534,95TT02W1
N00003535,95TT02W1
N00003536,95TT02W1
N00003537,95TT02W1
N00003538,95TT03S1
N00003539,95TT03S1
N00003540,95TT03S1
N00003541,95TT03S1
N00003542,95TT03S1
N00003543,95TT03S2
N00003544,95TT03S2
N00003545,95TT03S2
N00003546,95TT03S2
N00003547,95TT04W1
N00003548,95TT04W1
N00003549,95TT04W1
N00003550,95TT05S1
N00003551,95TT05S1
N00003552,95TT05S1
N00003553,95TT05S1
N00003554,95TT05S2
N00003555,95TT05S2
N00003556,95TT05S2
N00003557,95TT06W1
N00003558,95TT06W1
N00003559,95TT06W1
N00003560,95TT06W1
N00003561,95TT06W1
N00003562,95TT06W1
N00003563,95TT07W1
N00003564,95TT07W1
N00003565,95TT07W1
N00003566,95TT07W1
N00003567,95TT07W1
N00003568,95TT07W1
N00003569,95TT08W1
N00003570,95TT08W1
N00003571,95TT08W1
N00003572,95TT08W1
N00003573,95TT08W1
N00003574,95TT08W1
N00003575,95TT09S1
N00003576,95TT09S1
N00003577,95TT09S1
N00003578,95TT09S2
N00003579,95TT09S2
N00003580,95TT09S2
N00003581,95TT10W1
N00003582,95TT10W1
N00003583,95TT10W1
N00003584,95TT10W1
N00003585,95TT10W1
N00003586,95TT10W1
N00003587,95TT11S1
N00003588,95TT11S1
N00003589,95TT11S1
N00003590,95TT11S2
N00003591,95TT11S2
N00003592,95TT11S2
N00003593,95TT12W1
N00003594,95TT12W1
N00003595,95TT12W1
N00003596,95TT12W1
N00003597,95TT12W1
N00003598,95TT13S1
N00003599,95TT13S1
N00003600,95TT13S1
N00003601,95TT13S1
N00003602,95TT13S2
N00003603,95TT13S2
N00003604,95TT13S2
N00003605,95TT13S2
N00003606,95TT14W1
N00003607,95TT14W1
N00003608,95TT14W1
N00003609,95TT14W1
N00003610,95TT14W1
N00003611,95TT14W1
N00003612,95TT15W1
N00003613,95TT15W1
N00003614,95TT15W1
N00003615,95TT15W1
N00003616,95TT15W1
N00003617,95TT15W1
N00003618,95TT16W1
N00003619,95TT16W1
N00003620,95TT16W1
N00003621,95TT16W1
N00003622,95TT16W1
N00003623,95TT16W1
N00003624,95UU99C1
N00003625,95UU99C1
N00003626,95UU99C2
N00003627,95UU99C2
N00003628,95UU99C2
N00003629,95UU99C3
N00003630,95UU99C3
N00003631,95UU99C2
N00003632,95UU99C2
N00003633,95UU99C2
N00003634,95UU99C4
N00003635,95UU99C4
N00003636,95UU99C4
N00003637,95UU06W1
N00003638,95UU06W1
N00003639,95UU06W1
N00003640,95UU06W1
N00003641,95UU99C4
N00003642,95UU99C4
N00003643,95UU99C5
N00003644,95UU99C5
N00003645,95UU99C5
N00003646,95UU09W1
N00003647,95UU09W1
N00003648,95UU09W1
N00003649,95UU99C5
N00003650,95UU99C5
N00003651,95UU99C5
N00003652,95UU99C3
N00003653,95UU99C3
N00003654,95UU99C6
N00003655,95UU99C6
N00003656,95UU99C6
N00003657,95UU99C6
N00003658,95UU99C6
N00003659,95UU99C6
N00003660,95UU14W1
N00003661,95UU14W1
N00003662,95UU14W1
N00003663,95UU14W1
N00003664,95UU14W1
N00003665,95UU99C1
N00003666,95UU99C1
N00003667,95VV01S1
N00003668,95VV01S1
N00003669,95VV01S1
N00003670,95VV01S1
N00003671,95VV01S2
N00003672,95VV01S2
N00003673,95VV01S2
N00003674,95VV01S2
N00003675,95VV01S2
N00003676,95VV02W1
N00003677,95VV02W1
N00003678,95VV02W1
N00003679,95VV02W1
N00003680,95VV02W1
N00003681,95VV02W1
N00003682,95VV02W1
N00003683,95VV03W1
N00003684,95VV03W1
N00003685,95VV03W1
N00003686,95VV03W1
N00003687,95VV03W1
N00003688,95VV03W1
N00003689,95VV03W1
N00003690,95VV04W1
N00003691,95VV04W1
N00003692,95VV04W1
N00003693,95VV04W1
N00003694,95VV04W1
N00003695,95VV04W1
N00003696,95VV04W1
N00003697,95VV05S1
N00003698,95VV05S1
N00003699,95VV05S1
N00003700,95VV05S1
N00003701,95VV05S2
N00003702,95VV05S2
N00003703,95VV05S2
N00003704,95VV05S2
N00003705,95VV06W1
N00003706,95VV06W1
N00003707,95VV06W1
N00003708,95VV06W1
N00003709,95VV06W1
N00003710,95VV06W1
N00003711,95VV06W1
N00003712,95VV07S1
N00003713,95VV07S1
N00003714,95VV07S1
N00003715,95VV07S1
N00003716,95VV07S1
N00003717,95VV07S1
N00003718,95VV07S2
N00003719,95VV07S2
N00003720,95VV07S2
N00003721,95VV08W1
N00003722,95VV08W1
N00003723,95VV08W1
N00003724,95VV08W1
N00003725,95VV08W1
N00003726,95VV08W1
N00003727,95VV08W1
N00003728,95VV09W1
N00003729,95VV09W1
N00003730,95VV09W1
N00003731,95VV09W1
N00003732,95VV09W1
N00003733,95VV09W1
N00003734,95VV10S1
N00003735,95VV10S1
N00003736,95VV10S1
N00003737,95VV10S1
N00003738,95VV10S2
N00003739,95VV10S2
N00003740,95VV10S2
N00003741,95VV10S2
N00003742,95VV10S2
N00003743,95VV11S1
N00003744,95VV11S1
N00003745,95VV11S1
N00003746,95VV11S1
N00003747,95VV11S1
N00003748,95VV11S2
N00003749,95VV11S2
N00003750,95VV11S2
N00003751,95VV11S2
N00003752,95VV11S2
N00003753,95VV12S1
N00003754,95VV12S1
N00003755,95VV12S1
N00003756,95VV12S1
N00003757,95VV12S2
N00003758,95VV12S2
N00003759,95VV12S2
N00003760,95VV12S2
N00003761,95VV13S1
N00003762,95VV13S1
N00003763,95VV13S1
N00003764,95VV13S1
N00003765,95VV13S2
N00003766,95VV13S2
N00003767,95VV13S2
N00003768,95VV14S1
N00003769,95VV14S1
N00003770,95VV14S1
N00003771,95VV14S1
N00003772,95VV14S2
N00003773,95VV14S2
N00003774,95VV14S2
N00003775,95VV14S2
N00003776,95VV15S1
N00003777,95VV15S1
N00003778,95VV15S1
N00003779,95VV15S1
N00003780,95VV15S2
N00003781,95VV15S2
N00003782,95VV15S2
N00003783,95VV15S2
N00003784,95VV16W1
N00003785,95VV16W1
N00003786,95VV16W1
N00003787,95VV16W1
N00003788,95VV16W1
N00003789,95VV16W1
N00003790,95VV16W1
N00003791,95VV17S1
N00003792,95VV17S1
N00003793,95VV17S1
N00003794,95VV17S1
N00003795,95VV17S2
N00003796,95VV17S2
N00003797,95VV17S2
N00003798,95VV17S2
N00003799,95VV18S1
N00003800,95VV18S1
N00003801,95VV18S1
N00003802,95VV18S1
N00003803,95VV18S1
N00003804,95VV18S2
N00003805,95VV18S2
N00003806,95VV18S2
N00003807,95VV18S2
N00003808,95VV18S2
N00003809,95VV19S1
N00003810,95VV19S1
N00003811,95VV19S1
N00003812,95VV19S1
N00003813,95VV19S2
N00003814,95VV19S2
N00003815,95VV19S2
N00003816,95VV19S2
N00003817,95VV20W1
N00003818,95VV20W1
N00003819,95VV20W1
N00003820,95VV20W1
N00003821,95VV20W1
N00003822,95VV20W1
N00003823,95VV21S1
N00003824,95VV21S1
N00003825,95VV21S1
N00003826,95VV21S2
N00003827,95VV21S2
N00003828,95VV22W1
N00003829,95VV22W1
N00003830,95VV22W1
N00003831,95VV22W1
N00003832,95VV22W1
N00003833,95VV22W1
N00003834,95VV23W1
N00003835,95VV23W1
N00003836,95VV23W1
N00003837,95VV23W1
N00003838,95VV23W1
N00003839,95VV23W1
N00003840,95VV23W1
N00003841,95VV24S1
N00003842,95VV24S1
N00003843,95VV24S1
N00003844,95VV24S1
N00003845,95VV24S2
N00003846,95VV24S2
N00003847,95VV24S2
N00003848,95VV24S2
N00003849,95VV25S1
N00003850,95VV25S1
N00003851,95VV25S1
N00003852,95VV25S1
N00003853,95VV25S2
N00003854,95VV25S2
N00003855,95VV25S2
N00003856,95VV25S2
N00003857,95VV26W1
N00003858,95VV26W1
N00003859,95VV26W1
N00003860,95VV26W1
N00003861,95VV26W1
N00003862,95VV26W1
N00003863,95VV27W1
N00003864,95VV27W1
N00003865,95VV27W1
N00003866,95VV27W1
N00003867,95VV27W1
N00003868,95VV27W1
N00003869,95VV28S1
N00003870,95VV28S1
N00003871,95VV28S1
N00003872,95VV28S2
N00003873,95VV28S2
N00003874,95VV29W1
N00003875,95VV29W1
N00003876,95VV29W1
N00003877,95VV29W1
N00003878,95VV29W1
N00003879,95VV29W1
N00003880,95VV29W1
N00003881,95VV30S1
N00003882,95VV30S1
N00003883,95VV30S1
N00003884,95VV30S2
N00003885,95VV30S2
N00003886,95VV30S2
N00003887,95WW01S1
N00003888,95WW01S1
N00003889,95WW01S1
N00003890,95WW01S1
N00003891,95WW01S2
N00003892,95WW01S2
N00003893,95WW01S2
N00003894,95WW01S2
N00003895,95WW01S2
N00003896,95WW02S1
N00003897,95WW02S1
N00003898,95WW02S1
N00003899,95WW02S1
N00003900,95WW02S2
N00003901,95WW02S2
N00003902,95WW02S2
N00003903,95WW02S2
N00003904,95WW02S2
N00003905,95WW03S1
N00003906,95WW03S1
N00003907,95WW03S1
N00003908,95WW03S1
N00003909,95WW03S1
N00003910,95WW03S1
N00003911,95WW03S2
N00003912,95WW03S2
N00003913,95WW03S2
N00003914,95WW04S1
N00003915,95WW04S1
N00003916,95WW04S1
N00003917,95WW04S1
N00003918,95WW04S1
N00003919,95WW04S2
N00003920,95WW04S2
N00003921,95WW04S2
N00003922,95WW04S2
N00003923,95WW05S1
N00003924,95WW05S1
N00003925,95WW05S1
N00003926,95WW05S1
N00003927,95WW05S1
N00003928,95WW05S2
N00003929,95WW05S2
N00003930,95WW05S2
N00003931,95WW05S2
N00003932,95WW06S1
N00003933,95WW06S1
N00003934,95WW06S1
N00003935,95WW06S2
N00003936,95WW06S2
N00003937,95WW06S2
N00003938,95WW07S1
N00003939,95WW07S1
N00003940,95WW07S1
N00003941,95WW07S1
N00003942,95WW07S1
N00003943,95WW07S2
N00003944,95WW07S2
N00003945,95WW07S2
N00003946,95WW07S2
N00003947,95WW07S2
N00003948,95WW08S1
N00003949,95WW08S1
N00003950,95WW08S1
N00003951,95WW08S1
N00003952,95WW08S2
N00003953,95WW08S2
N00003954,95WW08S2
N00003955,95WW08S2
N00003956,95WW08S2
N00003957,95WW09S1
N00003958,95WW09S1
N00003959,95WW09S1
N00003960,95WW09S1
N00003961,95WW09S2
N00003962,95WW09S2
N00003963,95WW09S2
N00003964,95WW10S1
N00003965,95WW10S1
N00003966,95WW10S1
N00003967,95WW10S1
N00003968,95WW10S1
N00003969,95WW10S2
N00003970,95WW10S2
N00003971,95WW10S2
N00003972,95WW10S2
N00003973,95WW11S1
N00003974,95WW11S1
N00003975,95WW11S1
N00003976,95WW11S1
N00003977,95WW11S2
N00003978,95WW11S2
N00003979,95WW11S2
N00003980,95WW11S2
N00003981,95WW12W1
N00003982,95WW12W1
N00003983,95WW12W1
N00003984,95WW12W1
N00003985,95WW12W1
N00003986,95WW12W1
N00003987,95WW12W1
N00003988,95WW12W1
N00003989,95WW12W1
N00003990,95WW13S1
N00003991,95WW13S1
N00003992,95WW13S1
N00003993,95WW13S1
N00003994,95WW13S1
N00003995,95WW13S2
N00003996,95WW13S2
N00003997,95WW13S2
N00003998,95WW13S2
N00003999,95WW13S2
N00004000,95WW14W1
N00004001,95WW14W1
N00004002,95WW14W1
N00004003,95WW14W1
N00004004,95WW14W1
N00004005,95WW14W1
N00004006,95WW14W1
N00004007,95WW14W1
N00004008,95WW15S1
N00004009,95WW15S1
N00004010,95WW15S1
N00004011,95WW15S1
N00004012,95WW15S2
N00004013,95WW15S2
N00004014,95WW15S2
N00004015,95WW15S2
N00004016,95WW15S2
N00004017,95WW16S1
N00004018,95WW16S1
N00004019,95WW16S1
N00004020,95WW16S1
N00004021,95WW16S1
N00004022,95WW16S2
N00004023,95WW16S2
N00004024,95WW16S2
N00004025,95WW16S2
N00004026,95WW17W1
N00004027,95WW17W1
N00004028,95WW17W1
N00004029,95WW17W1
N00004030,95WW17W1
N00004031,95WW17W1
N00004032,95WW17W1
N00004033,95WW17W1
N00004034,95WW18W1
N00004035,95WW18W1
N00004036,95WW18W1
N00004037,95WW18W1
N00004038,95WW18W1
N00004039,95WW18W1
N00004040,95WW18W1
N00004041,95WW18W1
N00004042,95WW19S1
N00004043,95WW19S1
N00004044,95WW19S1
N00004045,95WW19S1
N00004046,95WW19S1
N00004047,95WW19S2
N00004048,95WW19S2
N00004049,95WW19S2
N00004050,95WW19S3
N00004051,95WW19S3
N00004052,95WW19S3
N00004053,95WW20S1
N00004054,95WW20S1
N00004055,95WW20S1
N00004056,95WW20S1
N00004057,95WW20S1
N00004058,95WW20S2
N00004059,95WW20S2
N00004060,95WW20S2
N00004061,95WW20S2
N00004062,95WW20S3
N00004063,95WW20S3
N00004064,95WW20S3
N00004065,95WW21S1
N00004066,95WW21S1
N00004067,95WW21S1
N00004068,95WW21S1
N00004069,95WW21S1
N00004070,95WW21S1
N00004071,95WW21S2
N00004072,95WW21S2
N00004073,95WW21S2
N00004074,95WW21S2
N00004075,95WW22S1
N00004076,95WW22S1
N00004077,95WW22S1
N00004078,95WW22S1
N00004079,95WW22S2
N00004080,95WW22S2
N00004081,95WW22S2
N00004082,95WW22S2
N00004083,95WW22S2
N00004084,95WW23S1
N00004085,95WW23S1
N00004086,95WW23S1
N00004087,95WW23S1
N00004088,95WW23S2
N00004089,95WW23S2
N00004090,95WW23S2
N00004091,95WW23S2
N00004092,95WW24S1
N00004093,95WW24S1
N00004094,95WW24S1
N00004095,95WW24S1
N00004096,95WW24S2
N00004097,95WW24S2
N00004098,95WW24S2
N00004099,95WW24S2
N00004100,95WW24S2
N00004101,95WW25W1
N00004102,95WW25W1
N00004103,95WW25W1
N00004104,95WW25W1
N00004105,95WW25W1
N00004106,95WW25W1
N00004107,95WW25W1
N00004108,95WW25W1
N00004109,95WW25W1
N00004110,95XX01S1
N00004111,95XX01S1
N00004112,95XX01S1
N00004113,95XX01S1
N00004114,95XX01S2
N00004115,95XX01S2
N00004116,95XX01S2
N00004117,95XX01S2
N00004118,95XX01S3
N00004119,95XX01S3
N00004120,95XX01S3
N00004121,95XX01S3
N00004122,95XX01S3
N00004123,95XX02W1
N00004124,95XX02W1
N00004125,95XX02W1
N00004126,95XX02W1
N00004127,95XX02W1
N00004128,95XX02W1
N00004129,95XX02W1
N00004130,95XX02W1
N00004131,95XX03S1
N00004132,95XX03S1
N00004133,95XX03S1
N00004134,95XX03S1
N00004135,95XX03S2
N00004136,95XX03S2
N00004137,95XX03S2
N00004138,95XX03S2
N00004139,95XX04S1
N00004140,95XX04S1
N00004141,95XX04S1
N00004142,95XX04S1
N00004143,95XX04S2
N00004144,95XX04S2
N00004145,95XX04S2
N00004146,95XX04S2
N00004147,95XX04S2
N00004148,95XX05W1
N00004149,95XX05W1
N00004150,95XX05W1
N00004151,95XX05W1
N00004152,95XX05W1
N00004153,95XX05W1
N00004154,95XX05W1
N00004155,95XX05W1
N00004156,95XX05W1
N00004157,95XX06S1
N00004158,95XX06S1
N00004159,95XX06S1
N00004160,95XX06S1
N00004161,95XX06S1
N00004162,95XX06S1
N00004163,95XX06S2
N00004164,95XX06S2
N00004165,95XX06S2
N00004166,95XX06S2
N00004167,95XX06S2
N00004168,95XX06S2
N00004169,95XX07S1
N00004170,95XX07S1
N00004171,95XX07S1
N00004172,95XX07S1
N00004173,95XX07S1
N00004174,95XX07S2
N00004175,95XX07S2
N00004176,95XX07S2
N00004177,95XX07S2
N00004178,95XX07S2
N00004179,95XX08S1
N00004180,95XX08S1
N00004181,95XX08S1
N00004182,95XX08S1
N00004183,95XX08S1
N00004184,95XX08S2
N00004185,95XX08S2
N00004186,95XX08S2
N00004187,95XX09S1
N00004188,95XX09S1
N00004189,95XX09S1
N00004190,95XX09S1
N00004191,95XX09S2
N00004192,95XX09S2
N00004193,95XX09S2
N00004194,95XX09S2
N00004195,95XX10S1
N00004196,95XX10S1
N00004197,95XX10S1
N00004198,95XX10S1
N00004199,95XX10S2
N00004200,95XX10S2
N00004201,95XX10S2
N00004202,95XX10S2
N00004203,95XX10S3
N00004204,95XX10S3
N00004205,95XX10S3
N00004206,95XX10S3
N00004207,95XX11S1
N00004208,95XX11S1
N00004209,95XX11S1
N00004210,95XX11S1
N00004211,95XX11S1
N00004212,95XX11S2
N00004213,95XX11S2
N00004214,95XX11S3
N00004215,95XX11S3
N00004216,95XX11S3
N00004217,95XX11S3
N00004218,95XX11S3
N00004219,95XX12W1
N00004220,95XX12W1
N00004221,95XX12W1
N00004222,95XX12W1
N00004223,95XX12W1
N00004224,95XX12W1
N00004225,95XX12W1
N00004226,95XX12W1
N00004227,95XX13W1
N00004228,95XX13W1
N00004229,95XX13W1
N00004230,95XX13W1
N00004231,95XX13W1
N00004232,95XX13W1
N00004233,95XX13W1
N00004234,95XX13W1
N00004235,95XX14W1
N00004236,95XX14W1
N00004237,95XX14W1
N00004238,95XX14W1
N00004239,95XX14W1
N00004240,95XX14W1
N00004241,95XX14W1
N00004242,95XX14W1
N00004243,95XX15W1
N00004244,95XX15W1
N00004245,95XX15W1
N00004246,95XX15W1
N00004247,95XX15W1
N00004248,95XX15W1
N00004249,95XX15W1
N00004250,95XX15W1
N00004251,95XX15W1
N00004252,95XX16W1
N00004253,95XX16W1
N00004254,95XX16W1
N00004255,95XX16W1
N00004256,95XX16W1
N00004257,95XX16W1
N00004258,95XX16W1
N00004259,95XX16W1
N00004260,95XX16W1
N00004261,95XX17S1
N00004262,95XX17S1
N00004263,95XX17S1
N00004264,95XX17S1
N00004265,95XX17S1
N00004266,95XX17S2
N00004267,95XX17S2
N00004268,95XX17S2
N00004269,95XX17S2
N00004270,95XX18W1
N00004271,95XX18W1
N00004272,95XX18W1
N00004273,95XX18W1
N00004274,95XX18W1
N00004275,95XX18W1
N00004276,95XX18W1
N00004277,95XX18W1
N00004278,95XX18W1
N00004279,95XX19W1
N00004280,95XX19W1
N00004281,95XX19W1
N00004282,95XX19W1
N00004283,95XX19W1
N00004284,95XX19W1
N00004285,95XX19W1
N00004286,95XX19W1
N00004287,95XX20S1
N00004288,95XX20S1
N00004289,95XX20S1
N00004290,95XX20S1
N00004291,95XX20S1
N00004292,95XX20S2
N00004293,95XX20S2
N00004294,95XX20S2
N00004295,95XX21W1
N00004296,95XX21W1
N00004297,95XX21W1
N00004298,95XX21W1
N00004299,95XX21W1
N00004300,95XX21W1
N00004301,95XX21W1
N00004302,95XX21W1
N00004303,95XX22W1
N00004304,95XX22W1
N00004305,95XX22W1
N00004306,95XX22W1
N00004307,95XX22W1
N00004308,95XX22W1
N00004309,95XX22W1
N00004310,95XX22W1
N00004311,95XX23W1
N00004312,95XX23W1
N00004313,95XX23W1
N00004314,95XX23W1
N00004315,95XX23W1
N00004316,95XX23W1
N00004317,95XX23W1
N00004318,95XX23W1
N00004319,95XX23W1
N00004320,95XX23W1
N00004321,95XX24S1
N00004322,95XX24S1
N00004323,95XX24S1
N00004324,95XX24S2
N00004325,95XX24S2
N00004326,95XX24S2
N00004327,95XX24S2
N00004328,95XX24S2
N00004329,95XX25W1
N00004330,95XX25W1
N00004331,95XX25W1
N00004332,95XX25W1
N00004333,95XX25W1
N00004334,95XX25W1
N00004335,95XX25W1
N00004336,95XX25W1
N00004337,95XX25W1
N00004338,95YY01W1
N00004339,95YY01W1
N00004340,95YY01W1
N00004341,95YY01W1
N00004342,95YY01W1
N00004343,95YY02W1
N00004344,95YY02W1
N00004345,95YY02W1
N00004346,95YY02W1
N00004347,95YY02W1
N00004348,95YY02W1
N00004349,95YY02W1
N00004350,95YY03W1
N00004351,95YY03W1
N00004352,95YY03W1
N00004353,95YY03W1
N00004354,95YY03W1
N00004355,95YY04W1
N00004356,95YY04W1
N00004357,95YY04W1
N00004358,95YY04W1
N00004359,95YY04W1
N00004360,95YY05W1
N00004361,95YY05W1
N00004362,95YY05W1
N00004363,95YY06W1
N00004364,95YY06W1
N00004365,95YY06W1
N00004366,95YY06W1
N00004367,95YY06W1
N00004368,95YY07W1
N00004369,95YY07W1
N00004370,95YY07W1
N00004371,95YY07W1
N00004372,95YY07W1
N00004373,95YY07W1
N00004374,95YY08W1
N00004375,95YY08W1
N00004376,95YY08W1
N00004377,95YY08W1
N00004378,95YY09W1
N00004379,95YY09W1
N00004380,95YY09W1
N00004381,95YY09W1
N00004382,95YY09W1
N00004383,95YY09W1
N00004384,95YY09W1
N00004385,95YY09W1
N00004386,95YY10W1
N00004387,95YY10W1
N00004388,95YY10W1
N00004389,95YY10W1
N00004390,95YY10W1
N00004391,95YY11W1
N00004392,95YY11W1
N00004393,95YY11W1
N00004394,95YY11W1
N00004395,95YY11W1
N00004396,95YY11W1
N00004397,95YY12W1
N00004398,95YY12W1
N00004399,95YY12W1
N00004400,95YY12W1
N00004401,95YY12W1
N00004402,95YY13S1
N00004403,95YY13S1
N00004404,95YY13S2
N00004405,95YY13S2
N00004406,95YY14S1
N00004407,95YY14S1
N00004408,95YY14S1
N00004409,95YY14S1
N00004410,95YY14S2
N00004411,95YY14S2
N00004412,95YY14S2
N00004413,95YY15S1
N00004414,95YY15S1
N00004415,95YY15S2
N00004416,95YY15S2
N00004417,95YY16W1
N00004418,95YY16W1
N00004419,95YY16W1
N00004420,95YY16W1
N00004421,95YY16W1
N00004422,95YY17W1
N00004423,95YY17W1
N00004424,95YY17W1
N00004425,95YY17W1
N00004426,95YY17W1
N00004427,95YY18W1
N00004428,95YY18W1
N00004429,95YY18W1
N00004430,95YY18W1
N00004431,95YY18W1
N00004432,95YY19W1
N00004433,95YY19W1
N00004434,95YY19W1
N00004435,95YY19W1
N00004436,95YY20W1
N00004437,95YY20W1
N00004438,95YY20W1
N00004439,95YY20W1
N00004440,95YY20W1
N00004441,95YY21W1
N00004442,95YY21W1
N00004443,95YY21W1
N00004444,95YY21W1
N00004445,95YY21W1
N00004446,95ZZ01W1
N00004447,95ZZ01W1
N00004448,95ZZ01W1
N00004449,95ZZ01W1
N00004450,95ZZ01W1
N00004451,95ZZ01W1
N00004452,95ZZ02W1
N00004453,95ZZ02W1
N00004454,95ZZ02W1
N00004455,95ZZ02W1
N00004456,95ZZ02W1
N00004457,95ZZ02W1
N00004458,95ZZ03W1
N00004459,95ZZ03W1
N00004460,95ZZ03W1
N00004461,95ZZ03W1
N00004462,95ZZ03W1
N00004463,95ZZ04W1
N00004464,95ZZ04W1
N00004465,95ZZ04W1
N00004466,95ZZ04W1
N00004467,95ZZ04W1
N00004468,95ZZ04W1
N00004469,95ZZ05W1
N00004470,95ZZ05W1
N00004471,95ZZ05W1
N00004472,95ZZ05W1
N00004473,95ZZ05W1
N00004474,95ZZ06W1
N00004475,95ZZ06W1
N00004476,95ZZ06W1
N00004477,95ZZ06W1
N00004478,95ZZ07W1
N00004479,95ZZ07W1
N00004480,95ZZ07W1
N00004481,95ZZ07W1
N00004482,95ZZ07W1
N00004483,95ZZ07W1
N00004484,95ZZ08W1
N00004485,95ZZ08W1
N00004486,95ZZ08W1
N00004487,95ZZ08W1
N00004488,95ZZ08W1
N00004489,95ZZ08W1
N00004490,95ZZ09W1
N00004491,95ZZ09W1
N00004492,95ZZ09W1
N00004493,95ZZ09W1
N00004494,95ZZ09W1
N00004495,95ZZ09W1
N00004496,95ZZ10W1
N00004497,95ZZ10W1
N00004498,95ZZ10W1
N00004499,95ZZ10W1
N00004500,95ZZ10W1
N00004501,95ZZ11W1
N00004502,95ZZ11W1
N00004503,95ZZ11W1
N00004504,95ZZ11W1
N00004505,95ZZ11W1
N00004506,95ZZ11W1
N00004507,95ZZ12W1
N00004508,95ZZ12W1
N00004509,95ZZ12W1
N00004510,95ZZ12W1
N00004511,95ZZ12W1
N00004512,95ZZ12W1
N00004513,95ZZ13W1
N00004514,95ZZ13W1
N00004515,95ZZ13W1
N00004516,95ZZ13W1
N00004517,95ZZ13W1
N00004518,95ZZ13W1
N00004519,95ZZ14S1
N00004520,95ZZ14S1
N00004521,95ZZ14S1
N00004522,95ZZ14S2
N00004523,95ZZ14S2
N00004524,95ZZ14S2
N00004525,95ZZ14S2
N00004526,95ZZ15W1
N00004527,95ZZ15W1
N00004528,95ZZ15W1
N00004529,95ZZ15W1
N00004530,95ZZ15W1
N00004531,95ZZ15W1
N00004532,95ZZ16S1
N00004533,95ZZ16S1
N00004534,95ZZ16S1
N00004535,95ZZ16S2
N00004536,95ZZ16S2
N00004537,95ZZ16S2
