WPZ,OA
N19000001,N00000074
N19000002,N00000074
N19000003,N00000047
N19000004,N00000125
N19000005,N00000070
N19000006,N00000011
N19000007,N00000001
N19000008,N00000002
N19000009,N00000002
N19000010,N00000004
N19000011,N00000008
N19000012,N00000009
N19000013,N00000026
N19000014,N00000026
N19000015,N00000039
N19000016,N00000043
N19000017,N00000071
N19000018,N00000071
N19000019,N00000071
N19000020,N00000072
N19000021,N00000073
N19000022,N00000073
N19000023,N00000073
N19000024,N00000073
N19000025,N00000098
N19000026,N00000099
N19000027,N00000103
N19000028,N00000122
N19000029,N00000040
N19000030,N00000056
N19000031,N00000079
N19000032,N00000086
N19000033,N00000062
N19000034,N00000005
N19000035,N00000054
N19000036,N00000118
N19000037,N00000031
N19000038,N00000034
N19000039,N00000119
N19000040,N00000083
N19000041,N00000003
N19000042,N00000053
N19000043,N00000078
N19000044,N00000127
N19000045,N00000089
N19000046,N00000090
N19000047,N00000037
N19000048,N00000035
N19000049,N00000013
N19000050,N00000025
N19000051,N00000057
N19000052,N00000105
N19000053,N00000017
N19000054,N00000051
N19000055,N00000024
N19000056,N00000160
N19000057,N00000160
N19000058,N00000163
N19000059,N00000177
N19000060,N00000177
N19000061,N00000179
N19000062,N00000179
N19000063,N00000179
N19000064,N00000179
N19000065,N00000179
N19000066,N00000179
N19000067,N00000210
N19000068,N00000212
N19000069,N00000256
N19000070,N00000141
N19000071,N00000230
N19000072,N00000243
N19000073,N00000162
N19000074,N00000140
N19000075,N00000178
N19000076,N00000312
N19000077,N00000276
N19000078,N00000211
N19000079,N00000336
N19000080,N00000327
N19000081,N00000239
N19000082,N00000318
N19000083,N00000134
N19000084,N00000172
N19000085,N00000260
N19000086,N00000252
N19000087,N00000132
N19000088,N00000310
N19000089,N00000337
N19000090,N00000180
N19000091,N00000184
N19000092,N00000171
N19000093,N00000182
N19000094,N00000219
N19000095,N00000328
N19000096,N00000148
N19000097,N00000319
N19000098,N00000259
N19000099,N00000262
N19000100,N00000139
N19000101,N00000248
N19000102,N00000215
N19000103,N00000131
N19000104,N00000169
N19000105,N00000222
N19000106,N00000251
N19000107,N00000201
N19000108,N00000153
N19000109,N00000254
N19000110,N00000161
N19000111,N00000130
N19000112,N00000296
N19000113,N00000164
N19000114,N00000157
N19000115,N00000286
N19000116,N00000183
N19000117,N00000253
N19000118,N00000311
N19000119,N00000187
N19000120,N00000291
N19000121,N00000192
N19000122,N00000275
N19000123,N00000361
N19000124,N00000358
N19000125,N00000427
N19000126,N00000374
N19000127,N00000406
N19000128,N00000392
N19000129,N00000443
N19000130,N00000386
N19000131,N00000411
N19000132,N00000396
N19000133,N00000368
N19000134,N00000383
N19000135,N00000430
N19000136,N00000369
N19000137,N00000403
N19000138,N00000417
N19000139,N00000433
N19000140,N00000345
N19000141,N00000352
N19000142,N00000450
N19000143,N00000435
N19000144,N00000412
N19000145,N00000378
N19000146,N00000346
N19000147,N00000414
N19000148,N00000420
N19000149,N00000365
N19000150,N00000356
N19000151,N00000344
N19000152,N00000359
N19000153,N00000359
N19000154,N00000359
N19000155,N00000359
N19000156,N00000375
N19000157,N00000359
N19000158,N00000387
N19000159,N00000444
N19000160,N00000444
N19000161,N00000444
N19000162,N00000444
N19000163,N00000463
N19000164,N00000463
N19000165,N00000474
N19000166,N00000474
N19000167,N00000390
N19000168,N00000449
N19000169,N00000362
N19000170,N00000360
N19000171,N00000363
N19000172,N00000424
N19000173,N00000391
N19000174,N00000455
N19000175,N00000366
N19000176,N00000425
N19000177,N00000400
N19000178,N00000456
N19000179,N00000438
N19000180,N00000350
N19000181,N00000372
N19000182,N00000394
N19000183,N00000500
N19000184,N00000478
N19000185,N00000549
N19000186,N00000518
N19000187,N00000526
N19000188,N00000529
N19000189,N00000529
N19000190,N00000529
N19000191,N00000493
N19000192,N00000529
N19000193,N00000532
N19000194,N00000532
N19000195,N00000532
N19000196,N00000532
N19000197,N00000532
N19000198,N00000563
N19000199,N00000564
N19000200,N00000568
N19000201,N00000569
N19000202,N00000550
N19000203,N00000574
N19000204,N00000598
N19000205,N00000598
N19000206,N00000618
N19000207,N00000622
N19000208,N00000490
N19000209,N00000635
N19000210,N00000524
N19000211,N00000496
N19000212,N00000527
N19000213,N00000591
N19000214,N00000575
N19000215,N00000542
N19000216,N00000482
N19000217,N00000557
N19000218,N00000576
N19000219,N00000477
N19000220,N00000590
N19000221,N00000540
N19000222,N00000582
N19000223,N00000565
N19000224,N00000511
N19000225,N00000583
N19000226,N00000509
N19000227,N00000585
N19000228,N00000519
N19000229,N00000505
N19000230,N00000631
N19000231,N00000499
N19000232,N00000625
N19000233,N00000558
N19000234,N00000589
N19000235,N00000541
N19000236,N00000534
N19000237,N00000536
N19000238,N00000603
N19000239,N00000637
N19000240,N00000494
N19000241,N00000522
N19000242,N00000597
N19000243,N00000567
N19000244,N00000623
N19000245,N00000608
N19000246,N00000530
N19000247,N00000676
N19000248,N00000676
N19000249,N00000676
N19000250,N00000696
N19000251,N00000696
N19000252,N00000696
N19000253,N00000699
N19000254,N00000668
N19000255,N00000710
N19000256,N00000658
N19000257,N00000643
N19000258,N00000702
N19000259,N00000647
N19000260,N00000697
N19000261,N00000706
N19000262,N00000654
N19000263,N00000665
N19000264,N00000651
N19000265,N00000682
N19000266,N00000657
N19000267,N00000678
N19000268,N00000672
N19000269,N00000648
N19000270,N00000679
N19000271,N00000670
N19000272,N00000694
N19000273,N00000655
N19000274,N00000686
N19000275,N00000680
N19000276,N00000674
N19000277,N00000717
N19000278,N00000718
N19000279,N00000718
N19000280,N00000766
N19000281,N00000774
N19000282,N00000721
N19000283,N00000729
N19000284,N00000760
N19000285,N00000794
N19000286,N00000749
N19000287,N00000753
N19000288,N00000724
N19000289,N00000802
N19000290,N00000789
N19000291,N00000727
N19000292,N00000806
N19000293,N00000785
N19000294,N00000772
N19000295,N00000813
N19000296,N00000819
N19000297,N00000742
N19000298,N00000748
N19000299,N00000739
N19000300,N00000800
N19000301,N00000741
N19000302,N00000762
N19000303,N00000728
N19000304,N00000735
N19000305,N00000736
N19000306,N00000795
N19000307,N00000783
N19000308,N00000809
N19000309,N00000777
N19000310,N00000715
N19000311,N00000790
N19000312,N00000778
N19000313,N00000766
N19000314,N00000766
N19000315,N00000766
N19000316,N00000824
N19000317,N00000824
N19000318,N00000824
N19000319,N00000926
N19000320,N00001145
N19000321,N00001063
N19000322,N00000981
N19000323,N00000981
N19000324,N00000981
N19000325,N00000981
N19000326,N00000981
N19000327,N00000981
N19000328,N00000991
N19000329,N00000991
N19000330,N00001006
N19000331,N00001006
N19000332,N00001006
N19000333,N00001006
N19000334,N00001008
N19000335,N00001014
N19000336,N00001022
N19000337,N00001022
N19000338,N00001022
N19000339,N00001022
N19000340,N00001022
N19000341,N00001022
N19000342,N00001030
N19000343,N00001030
N19000344,N00001110
N19000345,N00001111
N19000346,N00001131
N19000347,N00001131
N19000348,N00001131
N19000349,N00001131
N19000350,N00001131
N19000351,N00001131
N19000352,N00001131
N19000353,N00001131
N19000354,N00001131
N19000355,N00001131
N19000356,N00001131
N19000357,N00001131
N19000358,N00001131
N19000359,N00001131
N19000360,N00001131
N19000361,N00001131
N19000362,N00001131
N19000363,N00001131
N19000364,N00001131
N19000365,N00001131
N19000366,N00001133
N19000367,N00001133
N19000368,N00001133
N19000369,N00001133
N19000370,N00001133
N19000371,N00001133
N19000372,N00001133
N19000373,N00001133
N19000374,N00001135
N19000375,N00001135
N19000376,N00001135
N19000377,N00001144
N19000378,N00001147
N19000379,N00001155
N19000380,N00001155
N19000381,N00001155
N19000382,N00001155
N19000383,N00001155
N19000384,N00001155
N19000385,N00001155
N19000386,N00001155
N19000387,N00001155
N19000388,N00001155
N19000389,N00001155
N19000390,N00001155
N19000391,N00001156
N19000392,N00001157
N19000393,N00001157
N19000394,N00001157
N19000395,N00001265
N19000396,N00001265
N19000397,N00001265
N19000398,N00001265
N19000399,N00001271
N19000400,N00001271
N19000401,N00001271
N19000402,N00001347
N19000403,N00001347
N19000404,N00001349
N19000405,N00001350
N19000406,N00001352
N19000407,N00001352
N19000408,N00001352
N19000409,N00001352
N19000410,N00001416
N19000411,N00001416
N19000412,N00001416
N19000413,N00001416
N19000414,N00001416
N19000415,N00001416
N19000416,N00001416
N19000417,N00001416
N19000418,N00001416
N19000419,N00001416
N19000420,N00001416
N19000421,N00001416
N19000422,N00001416
N19000423,N00001416
N19000424,N00001416
N19000425,N00001416
N19000426,N00001416
N19000427,N00001416
N19000428,N00001416
N19000429,N00001416
N19000430,N00001416
N19000431,N00001416
N19000432,N00001416
N19000433,N00001416
N19000434,N00001416
N19000435,N00001416
N19000436,N00001416
N19000437,N00001416
N19000438,N00001416
N19000439,N00001416
N19000440,N00001416
N19000441,N00001416
N19000442,N00001416
N19000443,N00001416
N19000444,N00001416
N19000445,N00001416
N19000446,N00001416
N19000447,N00001416
N19000448,N00001416
N19000449,N00001416
N19000450,N00001418
N19000451,N00001418
N19000452,N00001418
N19000453,N00001418
N19000454,N00001420
N19000455,N00001420
N19000456,N00001421
N19000457,N00001421
N19000458,N00001421
N19000459,N00001421
N19000460,N00001421
N19000461,N00001421
N19000462,N00001421
N19000463,N00001421
N19000464,N00001421
N19000465,N00001421
N19000466,N00001424
N19000467,N00001429
N19000468,N00001429
N19000469,N00001429
N19000470,N00001445
N19000471,N00001445
N19000472,N00001445
N19000473,N00001445
N19000474,N00001445
N19000475,N00001459
N19000476,N00001472
N19000477,N00001480
N19000478,N00001480
N19000479,N00001480
N19000480,N00001518
N19000481,N00001551
N19000482,N00000895
N19000483,N00001400
N19000484,N00001216
N19000485,N00000922
N19000486,N00001369
N19000487,N00000844
N19000488,N00001531
N19000489,N00001169
N19000490,N00000913
N19000491,N00000889
N19000492,N00000828
N19000493,N00001614
N19000494,N00001582
N19000495,N00001203
N19000496,N00000928
N19000497,N00000975
N19000498,N00000864
N19000499,N00001510
N19000500,N00000862
N19000501,N00001534
N19000502,N00001440
N19000503,N00001007
N19000504,N00001593
N19000505,N00001119
N19000506,N00001335
N19000507,N00001565
N19000508,N00001354
N19000509,N00001358
N19000510,N00001386
N19000511,N00000941
N19000512,N00001113
N19000513,N00001183
N19000514,N00001124
N19000515,N00001234
N19000516,N00001452
N19000517,N00001136
N19000518,N00001032
N19000519,N00000948
N19000520,N00000936
N19000521,N00001046
N19000522,N00001325
N19000523,N00000959
N19000524,N00001217
N19000525,N00001117
N19000526,N00000946
N19000527,N00000886
N19000528,N00001387
N19000529,N00000993
N19000530,N00001150
N19000531,N00001545
N19000532,N00000992
N19000533,N00000836
N19000534,N00001437
N19000535,N00001363
N19000536,N00001279
N19000537,N00001182
N19000538,N00001079
N19000539,N00001070
N19000540,N00000885
N19000541,N00000932
N19000542,N00000932
N19000543,N00001416
N19000544,N00001416
N19000545,N00001417
N19000546,N00001417
N19000547,N00001417
N19000548,N00001417
N19000549,N00001417
N19000550,N00001418
N19000551,N00001418
N19000552,N00001418
N19000553,N00001418
N19000554,N00001027
N19000555,N00001499
N19000556,N00000876
N19000557,N00000904
N19000558,N00001028
N19000559,N00000825
N19000560,N00000873
N19000561,N00001174
N19000562,N00001587
N19000563,N00001364
N19000564,N00001514
N19000565,N00000853
N19000566,N00001498
N19000567,N00001231
N19000568,N00001401
N19000569,N00000855
N19000570,N00000976
N19000571,N00001383
N19000572,N00001016
N19000573,N00001426
N19000574,N00000852
N19000575,N00001446
N19000576,N00001251
N19000577,N00000893
N19000578,N00000908
N19000579,N00001009
N19000580,N00001091
N19000581,N00001502
N19000582,N00001319
N19000583,N00000857
N19000584,N00001382
N19000585,N00001191
N19000586,N00000871
N19000587,N00001168
N19000588,N00001466
N19000589,N00001118
N19000590,N00001072
N19000591,N00001126
N19000592,N00001296
N19000593,N00001066
N19000594,N00000832
N19000595,N00001269
N19000596,N00001467
N19000597,N00001503
N19000598,N00000963
N19000599,N00001173
N19000600,N00001392
N19000601,N00000960
N19000602,N00001375
N19000603,N00001086
N19000604,N00000858
N19000605,N00000839
N19000606,N00000920
N19000607,N00001331
N19000608,N00001579
N19000609,N00000995
N19000610,N00001246
N19000611,N00001114
N19000612,N00001311
N19000613,N00000875
N19000614,N00001409
N19000615,N00001547
N19000616,N00001415
N19000617,N00001083
N19000618,N00001610
N19000619,N00001341
N19000620,N00001219
N19000621,N00001023
N19000622,N00000868
N19000623,N00001585
N19000624,N00001081
N19000625,N00000957
N19000626,N00001061
N19000627,N00001630
N19000628,N00000927
N19000629,N00001015
N19000630,N00000906
N19000631,N00001130
N19000632,N00001093
N19000633,N00001570
N19000634,N00001613
N19000635,N00001291
N19000636,N00001206
N19000637,N00001160
N19000638,N00000881
N19000639,N00001188
N19000640,N00001438
N19000641,N00000942
N19000642,N00001263
N19000643,N00001163
N19000644,N00001041
N19000645,N00001109
N19000646,N00001037
N19000647,N00001399
N19000648,N00000831
N19000649,N00000892
N19000650,N00001080
N19000651,N00001267
N19000652,N00001280
N19000653,N00001432
N19000654,N00000958
N19000655,N00001351
N19000656,N00000983
N19000657,N00001515
N19000658,N00001332
N19000659,N00001326
N19000660,N00001010
N19000661,N00001328
N19000662,N00001346
N19000663,N00001457
N19000664,N00001012
N19000665,N00000841
N19000666,N00001189
N19000667,N00001574
N19000668,N00001260
N19000669,N00000968
N19000670,N00001461
N19000671,N00001159
N19000672,N00001696
N19000673,N00001703
N19000674,N00001703
N19000675,N00001703
N19000676,N00001704
N19000677,N00001704
N19000678,N00001704
N19000679,N00001704
N19000680,N00001704
N19000681,N00001721
N19000682,N00001661
N19000683,N00001705
N19000684,N00001655
N19000685,N00001715
N19000686,N00001682
N19000687,N00001647
N19000688,N00001670
N19000689,N00001712
N19000690,N00001694
N19000691,N00001688
N19000692,N00001678
N19000693,N00001666
N19000694,N00001734
N19000695,N00001706
N19000696,N00001649
N19000697,N00001646
N19000698,N00001681
N19000699,N00001641
N19000700,N00001821
N19000701,N00001757
N19000702,N00001760
N19000703,N00001760
N19000704,N00001760
N19000705,N00001780
N19000706,N00001780
N19000707,N00001821
N19000708,N00001881
N19000709,N00001881
N19000710,N00001881
N19000711,N00001881
N19000712,N00001881
N19000713,N00001881
N19000714,N00001881
N19000715,N00001900
N19000716,N00001912
N19000717,N00001830
N19000718,N00001750
N19000719,N00001761
N19000720,N00001848
N19000721,N00001806
N19000722,N00001751
N19000723,N00001785
N19000724,N00001770
N19000725,N00001901
N19000726,N00001876
N19000727,N00001767
N19000728,N00001847
N19000729,N00001791
N19000730,N00001906
N19000731,N00001778
N19000732,N00001795
N19000733,N00001865
N19000734,N00001852
N19000735,N00001855
N19000736,N00001807
N19000737,N00001839
N19000738,N00001794
N19000739,N00001801
N19000740,N00001905
N19000741,N00001885
N19000742,N00001919
N19000743,N00001765
N19000744,N00001755
N19000745,N00001810
N19000746,N00001817
N19000747,N00001867
N19000748,N00001894
N19000749,N00001799
N19000750,N00001866
N19000751,N00001781
N19000752,N00001762
N19000753,N00001871
N19000754,N00001911
N19000755,N00001772
N19000756,N00001973
N19000757,N00001973
N19000758,N00001973
N19000759,N00001973
N19000760,N00001973
N19000761,N00001973
N19000762,N00001974
N19000763,N00001975
N19000764,N00001976
N19000765,N00001976
N19000766,N00001977
N19000767,N00001994
N19000768,N00002025
N19000769,N00002043
N19000770,N00002043
N19000771,N00002045
N19000772,N00002060
N19000773,N00002060
N19000774,N00002060
N19000775,N00002071
N19000776,N00002082
N19000777,N00002087
N19000778,N00001979
N19000779,N00001942
N19000780,N00002002
N19000781,N00001997
N19000782,N00001995
N19000783,N00002022
N19000784,N00002083
N19000785,N00001955
N19000786,N00002021
N19000787,N00001945
N19000788,N00001996
N19000789,N00002047
N19000790,N00001988
N19000791,N00001968
N19000792,N00001956
N19000793,N00002038
N19000794,N00001949
N19000795,N00001999
N19000796,N00001978
N19000797,N00002084
N19000798,N00002037
N19000799,N00002054
N19000800,N00002010
N19000801,N00002042
N19000802,N00002070
N19000803,N00001948
N19000804,N00002016
N19000805,N00001965
N19000806,N00002033
N19000807,N00002008
N19000808,N00002048
N19000809,N00001947
N19000810,N00002079
N19000811,N00002055
N19000812,N00002049
N19000813,N00001982
N19000814,N00002106
N19000815,N00002125
N19000816,N00002129
N19000817,N00002129
N19000818,N00002129
N19000819,N00002129
N19000820,N00002148
N19000821,N00002151
N19000822,N00002167
N19000823,N00002167
N19000824,N00002114
N19000825,N00002119
N19000826,N00002155
N19000827,N00002109
N19000828,N00002120
N19000829,N00002121
N19000830,N00002103
N19000831,N00002146
N19000832,N00002123
N19000833,N00002164
N19000834,N00002101
N19000835,N00002153
N19000836,N00002126
N19000837,N00002132
N19000838,N00002139
N19000839,N00002149
N19000840,N00002095
N19000841,N00002118
N19000842,N00002136
N19000843,N00002098
N19000844,N00002091
N19000845,N00002090
N19000846,N00002158
N19000847,N00002104
N19000848,N00002161
N19000849,N00002128
N19000850,N00002096
N19000851,N00002143
N19000852,N00002133
N19000853,N00002175
N19000854,N00002183
N19000855,N00002183
N19000856,N00002183
N19000857,N00002183
N19000858,N00002183
N19000859,N00002183
N19000860,N00002183
N19000861,N00002185
N19000862,N00002210
N19000863,N00002236
N19000864,N00002236
N19000865,N00002236
N19000866,N00002236
N19000867,N00002244
N19000868,N00002249
N19000869,N00002273
N19000870,N00002291
N19000871,N00002299
N19000872,N00002300
N19000873,N00002303
N19000874,N00002303
N19000875,N00002303
N19000876,N00002306
N19000877,N00002306
N19000878,N00002306
N19000879,N00002307
N19000880,N00002307
N19000881,N00002307
N19000882,N00002307
N19000883,N00002307
N19000884,N00002344
N19000885,N00002246
N19000886,N00002302
N19000887,N00002211
N19000888,N00002346
N19000889,N00002204
N19000890,N00002372
N19000891,N00002232
N19000892,N00002283
N19000893,N00002327
N19000894,N00002259
N19000895,N00002317
N19000896,N00002179
N19000897,N00002203
N19000898,N00002229
N19000899,N00002221
N19000900,N00002181
N19000901,N00002237
N19000902,N00002269
N19000903,N00002298
N19000904,N00002215
N19000905,N00002318
N19000906,N00002386
N19000907,N00002290
N19000908,N00002289
N19000909,N00002217
N19000910,N00002326
N19000911,N00002176
N19000912,N00002258
N19000913,N00002222
N19000914,N00002264
N19000915,N00002277
N19000916,N00002267
N19000917,N00002266
N19000918,N00002188
N19000919,N00002223
N19000920,N00002171
N19000921,N00002368
N19000922,N00002252
N19000923,N00002330
N19000924,N00002376
N19000925,N00002196
N19000926,N00002281
N19000927,N00002369
N19000928,N00002206
N19000929,N00002241
N19000930,N00002313
N19000931,N00002301
N19000932,N00002247
N19000933,N00002192
N19000934,N00002387
N19000935,N00002257
N19000936,N00002197
N19000937,N00002240
N19000938,N00002170
N19000939,N00002248
N19000940,N00002184
N19000941,N00002332
N19000942,N00002360
N19000943,N00002401
N19000944,N00002401
N19000945,N00002512
N19000946,N00002515
N19000947,N00002515
N19000948,N00002521
N19000949,N00002521
N19000950,N00002525
N19000951,N00002525
N19000952,N00002525
N19000953,N00002526
N19000954,N00002526
N19000955,N00002537
N19000956,N00002540
N19000957,N00002567
N19000958,N00002599
N19000959,N00002602
N19000960,N00002603
N19000961,N00002603
N19000962,N00002603
N19000963,N00002603
N19000964,N00002603
N19000965,N00002603
N19000966,N00002603
N19000967,N00002603
N19000968,N00002603
N19000969,N00002604
N19000970,N00002604
N19000971,N00002604
N19000972,N00002605
N19000973,N00002605
N19000974,N00002605
N19000975,N00002609
N19000976,N00002613
N19000977,N00002613
N19000978,N00002613
N19000979,N00002613
N19000980,N00002613
N19000981,N00002613
N19000982,N00002613
N19000983,N00002613
N19000984,N00002613
N19000985,N00002613
N19000986,N00002613
N19000987,N00002619
N19000988,N00002619
N19000989,N00002622
N19000990,N00002435
N19000991,N00002477
N19000992,N00002522
N19000993,N00002498
N19000994,N00002396
N19000995,N00002549
N19000996,N00002608
N19000997,N00002451
N19000998,N00002513
N19000999,N00002583
N19001000,N00002504
N19001001,N00002574
N19001002,N00002444
N19001003,N00002508
N19001004,N00002430
N19001005,N00002481
N19001006,N00002565
N19001007,N00002590
N19001008,N00002533
N19001009,N00002415
N19001010,N00002408
N19001011,N00002465
N19001012,N00002594
N19001013,N00002558
N19001014,N00002551
N19001015,N00002438
N19001016,N00002505
N19001017,N00002400
N19001018,N00002423
N19001019,N00002461
N19001020,N00002436
N19001021,N00002453
N19001022,N00002516
N19001023,N00002407
N19001024,N00002452
N19001025,N00002417
N19001026,N00002416
N19001027,N00002406
N19001028,N00002614
N19001029,N00002445
N19001030,N00002458
N19001031,N00002606
N19001032,N00002447
N19001033,N00002442
N19001034,N00002536
N19001035,N00002413
N19001036,N00002485
N19001037,N00002489
N19001038,N00002573
N19001039,N00002555
N19001040,N00002541
N19001041,N00002432
N19001042,N00002471
N19001043,N00002646
N19001044,N00002670
N19001045,N00002670
N19001046,N00002673
N19001047,N00002673
N19001048,N00002673
N19001049,N00002673
N19001050,N00002673
N19001051,N00002676
N19001052,N00002690
N19001053,N00002726
N19001054,N00002747
N19001055,N00002761
N19001056,N00002761
N19001057,N00002647
N19001058,N00002764
N19001059,N00002727
N19001060,N00002634
N19001061,N00002691
N19001062,N00002640
N19001063,N00002692
N19001064,N00002641
N19001065,N00002785
N19001066,N00002669
N19001067,N00002660
N19001068,N00002765
N19001069,N00002667
N19001070,N00002753
N19001071,N00002756
N19001072,N00002772
N19001073,N00002743
N19001074,N00002637
N19001075,N00002681
N19001076,N00002721
N19001077,N00002675
N19001078,N00002771
N19001079,N00002786
N19001080,N00002738
N19001081,N00002768
N19001082,N00002678
N19001083,N00002699
N19001084,N00002713
N19001085,N00002709
N19001086,N00002700
N19001087,N00002671
N19001088,N00002683
N19001089,N00002742
N19001090,N00002735
N19001091,N00002744
N19001092,N00002780
N19001093,N00002714
N19001094,N00002734
N19001095,N00002779
N19001096,N00002682
N19001097,N00002649
N19001098,N00002653
N19001099,N00002677
N19001100,N00002703
N19001101,N00002642
N19001102,N00002729
N19001103,N00002655
N19001104,N00002632
N19001105,N00002707
N19001106,N00002656
N19001107,N00002662
N19001108,N00002858
N19001109,N00002885
N19001110,N00002885
N19001111,N00002823
N19001112,N00002840
N19001113,N00002854
N19001114,N00002841
N19001115,N00002849
N19001116,N00002899
N19001117,N00002792
N19001118,N00002829
N19001119,N00002833
N19001120,N00002821
N19001121,N00002866
N19001122,N00002897
N19001123,N00002875
N19001124,N00002893
N19001125,N00002853
N19001126,N00002842
N19001127,N00002873
N19001128,N00002817
N19001129,N00002798
N19001130,N00002855
N19001131,N00002820
N19001132,N00002802
N19001133,N00002908
N19001134,N00002881
N19001135,N00002815
N19001136,N00002838
N19001137,N00002793
N19001138,N00002804
N19001139,N00002808
N19001140,N00002862
N19001141,N00002801
N19001142,N00002879
N19001143,N00002848
N19001144,N00002797
N19001145,N00002880
N19001146,N00002876
N19001147,N00002871
N19001148,N00002826
N19001149,N00002867
N19001150,N00002813
N19001151,N00002890
N19001152,N00002814
N19001153,N00002907
N19001154,N00002824
N19001155,N00002832
N19001156,N00002888
N19001157,N00002889
N19001158,N00002889
N19001159,N00002889
N19001160,N00002903
N19001161,N00002903
N19001162,N00002903
N19001163,N00002903
N19001164,N00002906
N19001165,N00002971
N19001166,N00002971
N19001167,N00002971
N19001168,N00002980
N19001169,N00002982
N19001170,N00003040
N19001171,N00003040
N19001172,N00003040
N19001173,N00003040
N19001174,N00003040
N19001175,N00003040
N19001176,N00003040
N19001177,N00003040
N19001178,N00003040
N19001179,N00003044
N19001180,N00003019
N19001181,N00003049
N19001182,N00002937
N19001183,N00002973
N19001184,N00002939
N19001185,N00003032
N19001186,N00003033
N19001187,N00002987
N19001188,N00003063
N19001189,N00002927
N19001190,N00002943
N19001191,N00002979
N19001192,N00003013
N19001193,N00002989
N19001194,N00003027
N19001195,N00002921
N19001196,N00003008
N19001197,N00002933
N19001198,N00002955
N19001199,N00003047
N19001200,N00003023
N19001201,N00002961
N19001202,N00002931
N19001203,N00002918
N19001204,N00002964
N19001205,N00002924
N19001206,N00002940
N19001207,N00002972
N19001208,N00002920
N19001209,N00003054
N19001210,N00002969
N19001211,N00003003
N19001212,N00002975
N19001213,N00002934
N19001214,N00002974
N19001215,N00003015
N19001216,N00002930
N19001217,N00003053
N19001218,N00002949
N19001219,N00002912
N19001220,N00003026
N19001221,N00002913
N19001222,N00003000
N19001223,N00002917
N19001224,N00002993
N19001225,N00003018
N19001226,N00002994
N19001227,N00002951
N19001228,N00002967
N19001229,N00003061
N19001230,N00002948
N19001231,N00002960
N19001232,N00003084
N19001233,N00003105
N19001234,N00003105
N19001235,N00003105
N19001236,N00003105
N19001237,N00003136
N19001238,N00003137
N19001239,N00003137
N19001240,N00003150
N19001241,N00003067
N19001242,N00003100
N19001243,N00003116
N19001244,N00003073
N19001245,N00003093
N19001246,N00003128
N19001247,N00003075
N19001248,N00003085
N19001249,N00003149
N19001250,N00003098
N19001251,N00003145
N19001252,N00003079
N19001253,N00003103
N19001254,N00003126
N19001255,N00003068
N19001256,N00003106
N19001257,N00003139
N19001258,N00003141
N19001259,N00003123
N19001260,N00003110
N19001261,N00003207
N19001262,N00003219
N19001263,N00003230
N19001264,N00003231
N19001265,N00003231
N19001266,N00003231
N19001267,N00003174
N19001268,N00003228
N19001269,N00003232
N19001270,N00003216
N19001271,N00003196
N19001272,N00003200
N19001273,N00003163
N19001274,N00003180
N19001275,N00003221
N19001276,N00003193
N19001277,N00003178
N19001278,N00003204
N19001279,N00003189
N19001280,N00003162
N19001281,N00003188
N19001282,N00003165
N19001283,N00003171
N19001284,N00003199
N19001285,N00003235
N19001286,N00003176
N19001287,N00003161
N19001288,N00003167
N19001289,N00003170
N19001290,N00003439
N19001291,N00003240
N19001292,N00003289
N19001293,N00003290
N19001294,N00003308
N19001295,N00003313
N19001296,N00003313
N19001297,N00003371
N19001298,N00003371
N19001299,N00003371
N19001300,N00003371
N19001301,N00003371
N19001302,N00003371
N19001303,N00003371
N19001304,N00003371
N19001305,N00003371
N19001306,N00003371
N19001307,N00003371
N19001308,N00003407
N19001309,N00003408
N19001310,N00003408
N19001311,N00003408
N19001312,N00003408
N19001313,N00003408
N19001314,N00003408
N19001315,N00003423
N19001316,N00003434
N19001317,N00003506
N19001318,N00003474
N19001319,N00003418
N19001320,N00003388
N19001321,N00003365
N19001322,N00003339
N19001323,N00003298
N19001324,N00003323
N19001325,N00003430
N19001326,N00003417
N19001327,N00003337
N19001328,N00003392
N19001329,N00003387
N19001330,N00003256
N19001331,N00003514
N19001332,N00003241
N19001333,N00003443
N19001334,N00003465
N19001335,N00003477
N19001336,N00003269
N19001337,N00003243
N19001338,N00003469
N19001339,N00003360
N19001340,N00003435
N19001341,N00003507
N19001342,N00003244
N19001343,N00003276
N19001344,N00003278
N19001345,N00003344
N19001346,N00003490
N19001347,N00003524
N19001348,N00003378
N19001349,N00003511
N19001350,N00003301
N19001351,N00003263
N19001352,N00003368
N19001353,N00003453
N19001354,N00003362
N19001355,N00003245
N19001356,N00003448
N19001357,N00003317
N19001358,N00003476
N19001359,N00003327
N19001360,N00003268
N19001361,N00003328
N19001362,N00003406
N19001363,N00003393
N19001364,N00003351
N19001365,N00003345
N19001366,N00003374
N19001367,N00003287
N19001368,N00003251
N19001369,N00003349
N19001370,N00003402
N19001371,N00003379
N19001372,N00003293
N19001373,N00003369
N19001374,N00003250
N19001375,N00003447
N19001376,N00003306
N19001377,N00003523
N19001378,N00003390
N19001379,N00003283
N19001380,N00003271
N19001381,N00003409
N19001382,N00003354
N19001383,N00003262
N19001384,N00003307
N19001385,N00003330
N19001386,N00003294
N19001387,N00003314
N19001388,N00003475
N19001389,N00003555
N19001390,N00003555
N19001391,N00003528
N19001392,N00003530
N19001393,N00003531
N19001394,N00003548
N19001395,N00003548
N19001396,N00003550
N19001397,N00003552
N19001398,N00003552
N19001399,N00003552
N19001400,N00003583
N19001401,N00003590
N19001402,N00003611
N19001403,N00003563
N19001404,N00003560
N19001405,N00003540
N19001406,N00003591
N19001407,N00003599
N19001408,N00003532
N19001409,N00003556
N19001410,N00003547
N19001411,N00003565
N19001412,N00003535
N19001413,N00003539
N19001414,N00003533
N19001415,N00003587
N19001416,N00003578
N19001417,N00003561
N19001418,N00003573
N19001419,N00003558
N19001420,N00003569
N19001421,N00003527
N19001422,N00003595
N19001423,N00003551
N19001424,N00003553
N19001425,N00003614
N19001426,N00003557
N19001427,N00003580
N19001428,N00003575
N19001429,N00003581
N19001430,N00003622
N19001431,N00003604
N19001432,N00003618
N19001433,N00003585
N19001434,N00003538
N19001435,N00003658
N19001436,N00003655
N19001437,N00003627
N19001438,N00003630
N19001439,N00003654
N19001440,N00003634
N19001441,N00003643
N19001442,N00003624
N19001443,N00003649
N19001444,N00003652
N19001445,N00003641
N19001446,N00003646
N19001447,N00003626
N19001448,N00003656
N19001449,N00003629
N19001450,N00003676
N19001451,N00003741
N19001452,N00003741
N19001453,N00003741
N19001454,N00003741
N19001455,N00003753
N19001456,N00003772
N19001457,N00003800
N19001458,N00003705
N19001459,N00003683
N19001460,N00003830
N19001461,N00003809
N19001462,N00003814
N19001463,N00003698
N19001464,N00003793
N19001465,N00003845
N19001466,N00003723
N19001467,N00003694
N19001468,N00003849
N19001469,N00003806
N19001470,N00003748
N19001471,N00003712
N19001472,N00003828
N19001473,N00003690
N19001474,N00003670
N19001475,N00003835
N19001476,N00003706
N19001477,N00003794
N19001478,N00003804
N19001479,N00003709
N19001480,N00003829
N19001481,N00003778
N19001482,N00003784
N19001483,N00003728
N19001484,N00003884
N19001485,N00003667
N19001486,N00003684
N19001487,N00003763
N19001488,N00003677
N19001489,N00003697
N19001490,N00003878
N19001491,N00003749
N19001492,N00003711
N19001493,N00003865
N19001494,N00003841
N19001495,N00003824
N19001496,N00003864
N19001497,N00003734
N19001498,N00003743
N19001499,N00003701
N19001500,N00003817
N19001501,N00003818
N19001502,N00003713
N19001503,N00003703
N19001504,N00003721
N19001505,N00003785
N19001506,N00003869
N19001507,N00003765
N19001508,N00003769
N19001509,N00003782
N19001510,N00003803
N19001511,N00003867
N19001512,N00003867
N19001513,N00003872
N19001514,N00003872
N19001515,N00003877
N19001516,N00003883
N19001517,N00003883
N19001518,N00003776
N19001519,N00003858
N19001520,N00003881
N19001521,N00003768
N19001522,N00003668
N19001523,N00003827
N19001524,N00003729
N19001525,N00003762
N19001526,N00003874
N19001527,N00003837
N19001528,N00003857
N19001529,N00003681
N19001530,N00003681
N19001531,N00003681
N19001532,N00003717
N19001533,N00004092
N19001534,N00003995
N19001535,N00003964
N19001536,N00003938
N19001537,N00003957
N19001538,N00004012
N19001539,N00003902
N19001540,N00003923
N19001541,N00004054
N19001542,N00003917
N19001543,N00003950
N19001544,N00004002
N19001545,N00004036
N19001546,N00003887
N19001547,N00003919
N19001548,N00003914
N19001549,N00003940
N19001550,N00004065
N19001551,N00004048
N19001552,N00003896
N19001553,N00004035
N19001554,N00003973
N19001555,N00003910
N19001556,N00003929
N19001557,N00003900
N19001558,N00003891
N19001559,N00003969
N19001560,N00003941
N19001561,N00004017
N19001562,N00003936
N19001563,N00004026
N19001564,N00003899
N19001565,N00003889
N19001566,N00004053
N19001567,N00003982
N19001568,N00004067
N19001569,N00003966
N19001570,N00003897
N19001571,N00004102
N19001572,N00003978
N19001573,N00003909
N19001574,N00003888
N19001575,N00004094
N19001576,N00004084
N19001577,N00004042
N19001578,N00004076
N19001579,N00004050
N19001580,N00004001
N19001581,N00003928
N19001582,N00003932
N19001583,N00004062
N19001584,N00004096
N19001585,N00003907
N19001586,N00003907
N19001587,N00003933
N19001588,N00004058
N19001589,N00004058
N19001590,N00004059
N19001591,N00004059
N19001592,N00004059
N19001593,N00004059
N19001594,N00004059
N19001595,N00004060
N19001596,N00004060
N19001597,N00004090
N19001598,N00004090
N19001599,N00004097
N19001600,N00004212
N19001601,N00004212
N19001602,N00004159
N19001603,N00004274
N19001604,N00004243
N19001605,N00004261
N19001606,N00004183
N19001607,N00004129
N19001608,N00004110
N19001609,N00004157
N19001610,N00004187
N19001611,N00004192
N19001612,N00004196
N19001613,N00004279
N19001614,N00004277
N19001615,N00004219
N19001616,N00004155
N19001617,N00004306
N19001618,N00004131
N19001619,N00004197
N19001620,N00004111
N19001621,N00004271
N19001622,N00004235
N19001623,N00004128
N19001624,N00004228
N19001625,N00004202
N19001626,N00004297
N19001627,N00004256
N19001628,N00004246
N19001629,N00004118
N19001630,N00004268
N19001631,N00004208
N19001632,N00004132
N19001633,N00004179
N19001634,N00004195
N19001635,N00004225
N19001636,N00004123
N19001637,N00004168
N19001638,N00004139
N19001639,N00004124
N19001640,N00004322
N19001641,N00004220
N19001642,N00004227
N19001643,N00004238
N19001644,N00004270
N19001645,N00004236
N19001646,N00004169
N19001647,N00004149
N19001648,N00004148
N19001649,N00004148
N19001650,N00004150
N19001651,N00004150
N19001652,N00004150
N19001653,N00004150
N19001654,N00004150
N19001655,N00004199
N19001656,N00004199
N19001657,N00004213
N19001658,N00004264
N19001659,N00004264
N19001660,N00004264
N19001661,N00004264
N19001662,N00004264
N19001663,N00004264
N19001664,N00004273
N19001665,N00004273
N19001666,N00004273
N19001667,N00004273
N19001668,N00004346
N19001669,N00004381
N19001670,N00004366
N19001671,N00004352
N19001672,N00004355
N19001673,N00004375
N19001674,N00004391
N19001675,N00004401
N19001676,N00004343
N19001677,N00004386
N19001678,N00004397
N19001679,N00004357
N19001680,N00004427
N19001681,N00004340
N19001682,N00004432
N19001683,N00004396
N19001684,N00004359
N19001685,N00004363
N19001686,N00004374
N19001687,N00004442
N19001688,N00004345
N19001689,N00004387
N19001690,N00004351
N19001691,N00004399
N19001692,N00004338
N19001693,N00004436
N19001694,N00004342
N19001695,N00004358
N19001696,N00004419
N19001697,N00004415
N19001698,N00004360
N19001699,N00004339
N19001700,N00004371
N19001701,N00004441
N19001702,N00004370
N19001703,N00004422
N19001704,N00004392
N19001705,N00004423
N19001706,N00004350
N19001707,N00004361
N19001708,N00004361
N19001709,N00004361
N19001710,N00004361
N19001711,N00004361
N19001712,N00004361
N19001713,N00004361
N19001714,N00004361
N19001715,N00004378
N19001716,N00004404
N19001717,N00004404
N19001718,N00004414
N19001719,N00004414
N19001720,N00004414
N19001721,N00004414
N19001722,N00004416
N19001723,N00004485
N19001724,N00004459
N19001725,N00004484
N19001726,N00004453
N19001727,N00004469
N19001728,N00004472
N19001729,N00004514
N19001730,N00004463
N19001731,N00004507
N19001732,N00004491
N19001733,N00004501
N19001734,N00004465
N19001735,N00004446
N19001736,N00004479
N19001737,N00004532
N19001738,N00004448
N19001739,N00004490
N19001740,N00004498
N19001741,N00004458
N19001742,N00004478
N19001743,N00004450
N19001744,N00004526
N19001745,N00004475
N19001746,N00004452
N19001747,N00004519
N19001748,N00004505
N19001749,N00004474
N19001750,N00004496
N19001751,N00004497
N19001752,N00004497
N19001753,N00004500
N19001754,N00004500
N19001755,N00004500
N19001756,N00004520
N19000003,N00000048
N19000004,N00000126
N19000005,N00000076
N19000006,N00000012
N19000029,N00000041
N19000030,N00000124
N19000031,N00000080
N19000032,N00000087
N19000033,N00000065
N19000034,N00000006
N19000035,N00000055
N19000036,N00000120
N19000037,N00000032
N19000038,N00000045
N19000039,N00000121
N19000040,N00000084
N19000041,N00000010
N19000042,N00000064
N19000043,N00000097
N19000044,N00000128
N19000045,N00000093
N19000046,N00000091
N19000047,N00000038
N19000048,N00000036
N19000049,N00000015
N19000050,N00000030
N19000051,N00000058
N19000052,N00000106
N19000053,N00000018
N19000054,N00000052
N19000055,N00000029
N19000070,N00000143
N19000071,N00000231
N19000072,N00000244
N19000073,N00000166
N19000074,N00000142
N19000075,N00000335
N19000076,N00000313
N19000077,N00000278
N19000078,N00000213
N19000079,N00000340
N19000080,N00000329
N19000081,N00000240
N19000082,N00000322
N19000083,N00000135
N19000084,N00000174
N19000085,N00000324
N19000086,N00000271
N19000087,N00000255
N19000088,N00000314
N19000089,N00000338
N19000090,N00000181
N19000091,N00000185
N19000092,N00000173
N19000093,N00000186
N19000094,N00000220
N19000095,N00000331
N19000096,N00000149
N19000097,N00000320
N19000098,N00000261
N19000099,N00000263
N19000100,N00000145
N19000101,N00000249
N19000102,N00000216
N19000103,N00000136
N19000104,N00000170
N19000105,N00000223
N19000106,N00000279
N19000107,N00000202
N19000108,N00000154
N19000109,N00000257
N19000110,N00000165
N19000111,N00000133
N19000112,N00000301
N19000113,N00000237
N19000114,N00000158
N19000115,N00000287
N19000116,N00000206
N19000117,N00000270
N19000118,N00000315
N19000119,N00000188
N19000120,N00000292
N19000121,N00000193
N19000122,N00000277
N19000123,N00000385
N19000124,N00000441
N19000125,N00000428
N19000126,N00000377
N19000127,N00000432
N19000128,N00000398
N19000129,N00000445
N19000130,N00000388
N19000131,N00000413
N19000132,N00000397
N19000133,N00000370
N19000134,N00000384
N19000135,N00000431
N19000136,N00000371
N19000137,N00000404
N19000138,N00000422
N19000139,N00000434
N19000140,N00000347
N19000141,N00000353
N19000142,N00000451
N19000143,N00000436
N19000144,N00000416
N19000145,N00000379
N19000146,N00000348
N19000147,N00000415
N19000148,N00000421
N19000149,N00000380
N19000150,N00000357
N19000156,N00000376
N19000167,N00000410
N19000168,N00000452
N19000169,N00000408
N19000170,N00000364
N19000171,N00000407
N19000172,N00000426
N19000173,N00000393
N19000174,N00000458
N19000175,N00000367
N19000176,N00000429
N19000177,N00000402
N19000178,N00000457
N19000179,N00000439
N19000180,N00000351
N19000181,N00000373
N19000182,N00000395
N19000183,N00000506
N19000185,N00000556
N19000191,N00000495
N19000202,N00000551
N19000208,N00000491
N19000209,N00000636
N19000210,N00000581
N19000211,N00000497
N19000212,N00000528
N19000213,N00000595
N19000214,N00000579
N19000215,N00000545
N19000216,N00000483
N19000217,N00000627
N19000218,N00000577
N19000219,N00000479
N19000220,N00000594
N19000221,N00000559
N19000222,N00000588
N19000223,N00000621
N19000224,N00000512
N19000225,N00000584
N19000226,N00000566
N19000227,N00000586
N19000228,N00000520
N19000229,N00000507
N19000230,N00000632
N19000231,N00000501
N19000232,N00000629
N19000233,N00000561
N19000234,N00000592
N19000235,N00000543
N19000236,N00000535
N19000237,N00000538
N19000238,N00000604
N19000239,N00000638
N19000240,N00000498
N19000241,N00000523
N19000242,N00000599
N19000243,N00000572
N19000244,N00000624
N19000245,N00000609
N19000246,N00000531
N19000254,N00000669
N19000255,N00000711
N19000256,N00000659
N19000257,N00000644
N19000258,N00000705
N19000259,N00000661
N19000260,N00000698
N19000261,N00000707
N19000262,N00000690
N19000263,N00000666
N19000264,N00000652
N19000265,N00000684
N19000266,N00000660
N19000267,N00000713
N19000268,N00000673
N19000269,N00000649
N19000270,N00000681
N19000271,N00000671
N19000272,N00000695
N19000273,N00000677
N19000274,N00000687
N19000275,N00000683
N19000276,N00000675
N19000281,N00000775
N19000282,N00000722
N19000283,N00000730
N19000284,N00000761
N19000285,N00000796
N19000286,N00000751
N19000287,N00000754
N19000288,N00000726
N19000289,N00000803
N19000290,N00000792
N19000291,N00000731
N19000292,N00000807
N19000293,N00000786
N19000294,N00000773
N19000295,N00000814
N19000296,N00000820
N19000297,N00000743
N19000298,N00000750
N19000299,N00000740
N19000300,N00000801
N19000301,N00000745
N19000302,N00000822
N19000303,N00000732
N19000304,N00000805
N19000305,N00000737
N19000306,N00000798
N19000307,N00000784
N19000308,N00000810
N19000309,N00000779
N19000310,N00000716
N19000311,N00000793
N19000312,N00000782
N19000319,N00000931
N19000320,N00001146
N19000321,N00001065
N19000482,N00000896
N19000483,N00001404
N19000484,N00001238
N19000485,N00001047
N19000486,N00001370
N19000487,N00000845
N19000488,N00001532
N19000489,N00001170
N19000490,N00000914
N19000491,N00000890
N19000492,N00000829
N19000493,N00001617
N19000494,N00001589
N19000495,N00001204
N19000496,N00000929
N19000497,N00000977
N19000498,N00000865
N19000499,N00001511
N19000500,N00000863
N19000501,N00001540
N19000502,N00001443
N19000503,N00001596
N19000504,N00001594
N19000505,N00001120
N19000506,N00001336
N19000507,N00001566
N19000508,N00001355
N19000509,N00001359
N19000510,N00001397
N19000511,N00001051
N19000512,N00001436
N19000513,N00001338
N19000514,N00001125
N19000515,N00001237
N19000516,N00001454
N19000517,N00001142
N19000518,N00001033
N19000519,N00000951
N19000520,N00000938
N19000521,N00001048
N19000522,N00001523
N19000523,N00001491
N19000524,N00001218
N19000525,N00001431
N19000526,N00000947
N19000527,N00000887
N19000528,N00001388
N19000529,N00000994
N19000530,N00001152
N19000531,N00001558
N19000532,N00000996
N19000533,N00000837
N19000534,N00001441
N19000535,N00001367
N19000536,N00001284
N19000537,N00001343
N19000538,N00001082
N19000539,N00001281
N19000554,N00001029
N19000555,N00001500
N19000556,N00000879
N19000557,N00000905
N19000558,N00001381
N19000559,N00000826
N19000560,N00000874
N19000561,N00001175
N19000562,N00001592
N19000563,N00001365
N19000564,N00001520
N19000565,N00000854
N19000566,N00001501
N19000567,N00001232
N19000568,N00001473
N19000569,N00000856
N19000570,N00000979
N19000571,N00001385
N19000572,N00001017
N19000573,N00001427
N19000574,N00001637
N19000575,N00001447
N19000576,N00001253
N19000577,N00001469
N19000578,N00000909
N19000579,N00001591
N19000580,N00001092
N19000581,N00001507
N19000582,N00001321
N19000583,N00001455
N19000584,N00001384
N19000585,N00001192
N19000586,N00000872
N19000587,N00001202
N19000588,N00001471
N19000589,N00001122
N19000590,N00001073
N19000591,N00001128
N19000592,N00001301
N19000593,N00001067
N19000594,N00000833
N19000595,N00001270
N19000596,N00001580
N19000597,N00001504
N19000598,N00000964
N19000599,N00001178
N19000600,N00001396
N19000601,N00000961
N19000602,N00001506
N19000603,N00001089
N19000604,N00000859
N19000605,N00000840
N19000606,N00000923
N19000607,N00001333
N19000608,N00001581
N19000609,N00001000
N19000610,N00001247
N19000611,N00001116
N19000612,N00001312
N19000613,N00000877
N19000614,N00001410
N19000615,N00001552
N19000616,N00001419
N19000617,N00001084
N19000618,N00001611
N19000619,N00001342
N19000620,N00001220
N19000621,N00001024
N19000622,N00000870
N19000623,N00001586
N19000624,N00001560
N19000625,N00000962
N19000626,N00001062
N19000627,N00001631
N19000628,N00000930
N19000629,N00001468
N19000630,N00000907
N19000631,N00001132
N19000632,N00001094
N19000633,N00001572
N19000634,N00001615
N19000635,N00001292
N19000636,N00001210
N19000637,N00001161
N19000638,N00000882
N19000639,N00001190
N19000640,N00001439
N19000641,N00000943
N19000642,N00001264
N19000643,N00001165
N19000644,N00001042
N19000645,N00001252
N19000646,N00001038
N19000647,N00001464
N19000648,N00000834
N19000649,N00000894
N19000650,N00001134
N19000651,N00001268
N19000652,N00001368
N19000653,N00001433
N19000654,N00001481
N19000655,N00001353
N19000656,N00000985
N19000657,N00001516
N19000658,N00001584
N19000659,N00001327
N19000660,N00001011
N19000661,N00001329
N19000662,N00001519
N19000663,N00001458
N19000664,N00001018
N19000665,N00000842
N19000666,N00001198
N19000667,N00001575
N19000668,N00001261
N19000669,N00000969
N19000670,N00001462
N19000671,N00001162
N19000681,N00001722
N19000682,N00001662
N19000683,N00001713
N19000684,N00001656
N19000685,N00001716
N19000686,N00001683
N19000687,N00001648
N19000688,N00001671
N19000689,N00001714
N19000690,N00001695
N19000691,N00001689
N19000692,N00001744
N19000693,N00001667
N19000694,N00001736
N19000695,N00001707
N19000696,N00001651
N19000697,N00001741
N19000698,N00001738
N19000699,N00001642
N19000700,N00001820
N19000717,N00001831
N19000718,N00001753
N19000719,N00001763
N19000720,N00001851
N19000721,N00001808
N19000722,N00001752
N19000723,N00001787
N19000724,N00001771
N19000725,N00001902
N19000726,N00001877
N19000727,N00001768
N19000728,N00001849
N19000729,N00001792
N19000730,N00001907
N19000731,N00001779
N19000732,N00001798
N19000733,N00001870
N19000734,N00001853
N19000735,N00001856
N19000736,N00001937
N19000737,N00001840
N19000738,N00001796
N19000739,N00001803
N19000740,N00001929
N19000741,N00001886
N19000742,N00001920
N19000743,N00001766
N19000744,N00001756
N19000745,N00001811
N19000746,N00001819
N19000747,N00001869
N19000748,N00001895
N19000749,N00001800
N19000750,N00001868
N19000751,N00001782
N19000752,N00001764
N19000753,N00001872
N19000754,N00001916
N19000755,N00001773
N19000778,N00001980
N19000779,N00001943
N19000780,N00002003
N19000781,N00002028
N19000782,N00002014
N19000783,N00002027
N19000784,N00002088
N19000785,N00002018
N19000786,N00002023
N19000787,N00001946
N19000788,N00002001
N19000789,N00002065
N19000790,N00001989
N19000791,N00001971
N19000792,N00001957
N19000793,N00002041
N19000794,N00001951
N19000795,N00002063
N19000796,N00001986
N19000797,N00002085
N19000798,N00002039
N19000799,N00002056
N19000800,N00002011
N19000801,N00002044
N19000802,N00002072
N19000803,N00001950
N19000804,N00002059
N19000805,N00001966
N19000806,N00002035
N19000807,N00002009
N19000808,N00002051
N19000809,N00002029
N19000810,N00002081
N19000811,N00002057
N19000812,N00002064
N19000813,N00002073
N19000824,N00002115
N19000825,N00002130
N19000826,N00002156
N19000827,N00002110
N19000828,N00002131
N19000829,N00002122
N19000830,N00002107
N19000831,N00002147
N19000832,N00002124
N19000833,N00002169
N19000834,N00002102
N19000835,N00002154
N19000836,N00002127
N19000837,N00002135
N19000838,N00002166
N19000839,N00002152
N19000840,N00002097
N19000841,N00002150
N19000842,N00002137
N19000843,N00002099
N19000844,N00002092
N19000845,N00002093
N19000846,N00002159
N19000847,N00002105
N19000848,N00002163
N19000849,N00002138
N19000850,N00002112
N19000851,N00002145
N19000852,N00002134
N19000885,N00002254
N19000886,N00002308
N19000887,N00002212
N19000888,N00002347
N19000889,N00002256
N19000890,N00002373
N19000891,N00002362
N19000892,N00002284
N19000893,N00002377
N19000894,N00002260
N19000895,N00002319
N19000896,N00002180
N19000897,N00002205
N19000898,N00002233
N19000899,N00002225
N19000900,N00002182
N19000901,N00002238
N19000902,N00002270
N19000903,N00002314
N19000904,N00002216
N19000905,N00002320
N19000906,N00002389
N19000907,N00002292
N19000908,N00002293
N19000909,N00002218
N19000910,N00002328
N19000911,N00002251
N19000912,N00002261
N19000913,N00002224
N19000914,N00002265
N19000915,N00002354
N19000916,N00002278
N19000917,N00002272
N19000918,N00002189
N19000919,N00002345
N19000920,N00002172
N19000921,N00002371
N19000922,N00002255
N19000923,N00002331
N19000924,N00002378
N19000925,N00002202
N19000926,N00002282
N19000927,N00002370
N19000928,N00002207
N19000929,N00002243
N19000930,N00002315
N19000931,N00002305
N19000932,N00002250
N19000933,N00002195
N19000934,N00002390
N19000935,N00002262
N19000936,N00002198
N19000937,N00002337
N19000938,N00002174
N19000939,N00002274
N19000940,N00002186
N19000941,N00002334
N19000942,N00002367
N19000990,N00002617
N19000991,N00002478
N19000992,N00002523
N19000993,N00002499
N19000994,N00002397
N19000995,N00002554
N19000996,N00002610
N19000997,N00002539
N19000998,N00002514
N19000999,N00002584
N19001000,N00002507
N19001001,N00002577
N19001002,N00002446
N19001003,N00002511
N19001004,N00002431
N19001005,N00002482
N19001006,N00002566
N19001007,N00002591
N19001008,N00002534
N19001009,N00002579
N19001010,N00002411
N19001011,N00002466
N19001012,N00002595
N19001013,N00002559
N19001014,N00002552
N19001015,N00002439
N19001016,N00002506
N19001017,N00002402
N19001018,N00002424
N19001019,N00002462
N19001020,N00002437
N19001021,N00002454
N19001022,N00002517
N19001023,N00002409
N19001024,N00002456
N19001025,N00002418
N19001026,N00002419
N19001027,N00002527
N19001028,N00002615
N19001029,N00002503
N19001030,N00002459
N19001031,N00002607
N19001032,N00002448
N19001033,N00002492
N19001034,N00002538
N19001035,N00002414
N19001036,N00002487
N19001037,N00002490
N19001038,N00002576
N19001039,N00002556
N19001040,N00002550
N19001041,N00002434
N19001042,N00002472
N19001057,N00002648
N19001058,N00002767
N19001059,N00002728
N19001060,N00002636
N19001061,N00002694
N19001062,N00002654
N19001063,N00002693
N19001064,N00002783
N19001065,N00002787
N19001066,N00002717
N19001067,N00002661
N19001068,N00002769
N19001069,N00002668
N19001070,N00002754
N19001071,N00002757
N19001072,N00002778
N19001073,N00002746
N19001074,N00002720
N19001075,N00002752
N19001076,N00002722
N19001077,N00002688
N19001078,N00002773
N19001079,N00002789
N19001080,N00002739
N19001081,N00002770
N19001082,N00002679
N19001083,N00002701
N19001084,N00002715
N19001085,N00002710
N19001086,N00002702
N19001087,N00002672
N19001088,N00002685
N19001089,N00002748
N19001090,N00002737
N19001091,N00002745
N19001092,N00002781
N19001093,N00002718
N19001094,N00002736
N19001095,N00002784
N19001096,N00002684
N19001097,N00002650
N19001098,N00002657
N19001099,N00002782
N19001100,N00002704
N19001101,N00002643
N19001102,N00002730
N19001103,N00002749
N19001104,N00002633
N19001105,N00002708
N19001106,N00002658
N19001107,N00002663
N19001108,N00002859
N19001114,N00002844
N19001115,N00002850
N19001116,N00002900
N19001117,N00002794
N19001118,N00002830
N19001119,N00002835
N19001120,N00002822
N19001121,N00002870
N19001122,N00002898
N19001123,N00002877
N19001124,N00002894
N19001125,N00002856
N19001126,N00002843
N19001127,N00002874
N19001128,N00002818
N19001129,N00002800
N19001130,N00002857
N19001131,N00002825
N19001132,N00002803
N19001133,N00002909
N19001134,N00002884
N19001135,N00002902
N19001136,N00002839
N19001137,N00002795
N19001138,N00002805
N19001139,N00002809
N19001140,N00002863
N19001141,N00002810
N19001142,N00002883
N19001143,N00002852
N19001144,N00002799
N19001145,N00002882
N19001146,N00002878
N19001147,N00002872
N19001148,N00002827
N19001149,N00002868
N19001150,N00002834
N19001151,N00002892
N19001152,N00002816
N19001153,N00002910
N19001154,N00002891
N19001155,N00002836
N19001180,N00003020
N19001181,N00003052
N19001182,N00002938
N19001183,N00002976
N19001184,N00003025
N19001185,N00003035
N19001186,N00003034
N19001187,N00002988
N19001188,N00003064
N19001189,N00002928
N19001190,N00002944
N19001191,N00002981
N19001192,N00003014
N19001193,N00002992
N19001194,N00003029
N19001195,N00002929
N19001196,N00003009
N19001197,N00002954
N19001198,N00002956
N19001199,N00003048
N19001200,N00003024
N19001201,N00002962
N19001202,N00003007
N19001203,N00002919
N19001204,N00002965
N19001205,N00002925
N19001206,N00002942
N19001207,N00003017
N19001208,N00002990
N19001209,N00003055
N19001210,N00003039
N19001211,N00003005
N19001212,N00002977
N19001213,N00002958
N19001214,N00003050
N19001215,N00003016
N19001216,N00002932
N19001217,N00003060
N19001218,N00002950
N19001219,N00002916
N19001220,N00003031
N19001221,N00002914
N19001222,N00003001
N19001223,N00002922
N19001224,N00002996
N19001225,N00003022
N19001226,N00002995
N19001227,N00002952
N19001228,N00002968
N19001229,N00003062
N19001232,N00003087
N19001240,N00003153
N19001241,N00003069
N19001242,N00003101
N19001243,N00003117
N19001244,N00003074
N19001245,N00003094
N19001246,N00003129
N19001247,N00003076
N19001248,N00003086
N19001249,N00003151
N19001250,N00003099
N19001251,N00003146
N19001252,N00003082
N19001253,N00003104
N19001254,N00003152
N19001255,N00003072
N19001256,N00003109
N19001257,N00003140
N19001258,N00003142
N19001259,N00003124
N19001260,N00003111
N19001267,N00003175
N19001268,N00003229
N19001269,N00003233
N19001270,N00003217
N19001271,N00003197
N19001272,N00003202
N19001273,N00003164
N19001274,N00003181
N19001275,N00003222
N19001276,N00003194
N19001277,N00003179
N19001278,N00003206
N19001279,N00003190
N19001280,N00003166
N19001281,N00003237
N19001282,N00003218
N19001283,N00003172
N19001284,N00003201
N19001285,N00003239
N19001286,N00003177
N19001287,N00003184
N19001288,N00003168
N19001289,N00003209
N19001290,N00003440
N19001318,N00003478
N19001319,N00003420
N19001320,N00003464
N19001321,N00003366
N19001322,N00003501
N19001323,N00003300
N19001324,N00003324
N19001325,N00003431
N19001326,N00003419
N19001327,N00003338
N19001328,N00003396
N19001329,N00003389
N19001330,N00003436
N19001331,N00003515
N19001332,N00003242
N19001333,N00003445
N19001334,N00003466
N19001335,N00003480
N19001336,N00003270
N19001337,N00003248
N19001338,N00003470
N19001339,N00003361
N19001340,N00003442
N19001341,N00003508
N19001342,N00003356
N19001343,N00003277
N19001344,N00003279
N19001345,N00003347
N19001346,N00003491
N19001347,N00003525
N19001348,N00003384
N19001349,N00003512
N19001350,N00003397
N19001351,N00003265
N19001352,N00003373
N19001353,N00003454
N19001354,N00003363
N19001355,N00003246
N19001356,N00003449
N19001357,N00003318
N19001358,N00003482
N19001359,N00003331
N19001360,N00003332
N19001361,N00003329
N19001362,N00003410
N19001363,N00003463
N19001364,N00003352
N19001365,N00003346
N19001366,N00003380
N19001367,N00003288
N19001368,N00003254
N19001369,N00003350
N19001370,N00003404
N19001371,N00003382
N19001372,N00003493
N19001373,N00003370
N19001374,N00003252
N19001375,N00003450
N19001376,N00003311
N19001377,N00003526
N19001378,N00003391
N19001379,N00003284
N19001380,N00003272
N19001381,N00003484
N19001382,N00003359
N19001383,N00003264
N19001384,N00003309
N19001385,N00003429
N19001386,N00003295
N19001387,N00003315
N19001388,N00003481
N19001403,N00003571
N19001404,N00003567
N19001405,N00003542
N19001406,N00003612
N19001407,N00003606
N19001408,N00003536
N19001409,N00003600
N19001410,N00003549
N19001411,N00003572
N19001412,N00003537
N19001413,N00003541
N19001414,N00003534
N19001415,N00003592
N19001416,N00003579
N19001417,N00003613
N19001418,N00003574
N19001419,N00003559
N19001420,N00003570
N19001421,N00003529
N19001422,N00003596
N19001423,N00003608
N19001424,N00003554
N19001425,N00003615
N19001426,N00003562
N19001427,N00003588
N19001428,N00003576
N19001429,N00003582
N19001430,N00003623
N19001431,N00003605
N19001432,N00003619
N19001433,N00003594
N19001434,N00003546
N19001435,N00003659
N19001436,N00003657
N19001437,N00003628
N19001439,N00003660
N19001440,N00003635
N19001441,N00003644
N19001442,N00003625
N19001443,N00003650
N19001444,N00003653
N19001445,N00003642
N19001446,N00003647
N19001447,N00003632
N19001448,N00003661
N19001449,N00003637
N19001450,N00003739
N19001455,N00003754
N19001456,N00003863
N19001457,N00003801
N19001458,N00003708
N19001459,N00003685
N19001460,N00003850
N19001461,N00003810
N19001462,N00003815
N19001463,N00003700
N19001464,N00003797
N19001465,N00003846
N19001466,N00003725
N19001467,N00003695
N19001468,N00003852
N19001469,N00003807
N19001470,N00003752
N19001471,N00003714
N19001472,N00003832
N19001473,N00003692
N19001474,N00003671
N19001475,N00003836
N19001476,N00003707
N19001477,N00003795
N19001478,N00003805
N19001479,N00003875
N19001480,N00003831
N19001481,N00003779
N19001482,N00003786
N19001483,N00003731
N19001484,N00003885
N19001485,N00003669
N19001486,N00003687
N19001487,N00003766
N19001488,N00003678
N19001489,N00003699
N19001490,N00003879
N19001491,N00003750
N19001492,N00003791
N19001493,N00003866
N19001494,N00003842
N19001495,N00003825
N19001496,N00003870
N19001497,N00003735
N19001498,N00003744
N19001499,N00003702
N19001500,N00003820
N19001501,N00003819
N19001502,N00003715
N19001503,N00003704
N19001504,N00003722
N19001505,N00003790
N19001506,N00003871
N19001518,N00003777
N19001519,N00003861
N19001520,N00003882
N19001521,N00003770
N19001522,N00003672
N19001523,N00003862
N19001524,N00003730
N19001525,N00003823
N19001526,N00003880
N19001527,N00003839
N19001528,N00003859
N19001533,N00004093
N19001534,N00003996
N19001535,N00003968
N19001536,N00003939
N19001537,N00003958
N19001538,N00004013
N19001539,N00003903
N19001540,N00003924
N19001541,N00004057
N19001542,N00003918
N19001543,N00003953
N19001544,N00004003
N19001545,N00004037
N19001546,N00004104
N19001547,N00003920
N19001548,N00003915
N19001549,N00003990
N19001550,N00004066
N19001551,N00004051
N19001552,N00003905
N19001553,N00004039
N19001554,N00003974
N19001555,N00003943
N19001556,N00003948
N19001557,N00003901
N19001558,N00003892
N19001559,N00003970
N19001560,N00003942
N19001561,N00004018
N19001562,N00003937
N19001563,N00004028
N19001564,N00003944
N19001565,N00003890
N19001566,N00004055
N19001567,N00003985
N19001568,N00004068
N19001569,N00003971
N19001570,N00003898
N19001571,N00004105
N19001572,N00003979
N19001573,N00003911
N19001574,N00004095
N19001575,N00004100
N19001576,N00004085
N19001577,N00004043
N19001578,N00004081
N19001579,N00004088
N19001580,N00004008
N19001581,N00004022
N19001582,N00003934
N19001583,N00004063
N19001584,N00004098
N19001602,N00004160
N19001603,N00004276
N19001604,N00004244
N19001605,N00004262
N19001606,N00004184
N19001607,N00004130
N19001608,N00004115
N19001609,N00004163
N19001610,N00004188
N19001611,N00004194
N19001612,N00004200
N19001613,N00004284
N19001614,N00004278
N19001615,N00004221
N19001616,N00004156
N19001617,N00004307
N19001618,N00004135
N19001619,N00004203
N19001620,N00004112
N19001621,N00004272
N19001622,N00004237
N19001623,N00004266
N19001624,N00004231
N19001625,N00004204
N19001626,N00004298
N19001627,N00004257
N19001628,N00004247
N19001629,N00004119
N19001630,N00004269
N19001631,N00004209
N19001632,N00004133
N19001633,N00004180
N19001634,N00004198
N19001635,N00004226
N19001636,N00004176
N19001637,N00004214
N19001638,N00004140
N19001639,N00004125
N19001640,N00004324
N19001641,N00004224
N19001642,N00004233
N19001643,N00004280
N19001644,N00004291
N19001645,N00004242
N19001646,N00004170
N19001647,N00004151
N19001668,N00004347
N19001669,N00004382
N19001670,N00004367
N19001671,N00004353
N19001672,N00004356
N19001673,N00004376
N19001674,N00004393
N19001675,N00004408
N19001676,N00004344
N19001677,N00004388
N19001678,N00004398
N19001679,N00004362
N19001680,N00004428
N19001681,N00004368
N19001682,N00004434
N19001683,N00004418
N19001684,N00004403
N19001685,N00004364
N19001686,N00004377
N19001687,N00004443
N19001688,N00004413
N19001689,N00004390
N19001690,N00004365
N19001691,N00004400
N19001692,N00004369
N19001693,N00004437
N19001694,N00004429
N19001695,N00004402
N19001696,N00004420
N19001697,N00004433
N19001698,N00004380
N19001699,N00004341
N19001700,N00004410
N19001701,N00004444
N19001702,N00004372
N19001703,N00004424
N19001704,N00004417
N19001705,N00004439
N19001723,N00004488
N19001724,N00004486
N19001725,N00004487
N19001726,N00004454
N19001727,N00004470
N19001728,N00004473
N19001729,N00004515
N19001730,N00004464
N19001731,N00004509
N19001732,N00004492
N19001733,N00004502
N19001734,N00004466
N19001735,N00004447
N19001736,N00004481
N19001737,N00004533
N19001738,N00004451
N19001739,N00004493
N19001740,N00004499
N19001741,N00004460
N19001742,N00004480
N19001743,N00004513
N19001744,N00004527
N19001745,N00004476
N19001746,N00004536
N19001747,N00004521
N19001748,N00004506
N19000003,N00000049
N19000005,N00000077
N19000006,N00000014
N19000029,N00000042
N19000031,N00000081
N19000033,N00000066
N19000034,N00000007
N19000037,N00000033
N19000038,N00000046
N19000039,N00000123
N19000040,N00000092
N19000041,N00000027
N19000042,N00000067
N19000043,N00000101
N19000044,N00000129
N19000045,N00000094
N19000048,N00000085
N19000049,N00000016
N19000051,N00000059
N19000052,N00000107
N19000053,N00000019
N19000054,N00000063
N19000070,N00000144
N19000071,N00000232
N19000072,N00000245
N19000073,N00000167
N19000074,N00000159
N19000077,N00000281
N19000078,N00000214
N19000079,N00000341
N19000080,N00000330
N19000081,N00000241
N19000082,N00000326
N19000083,N00000268
N19000085,N00000325
N19000086,N00000272
N19000087,N00000258
N19000088,N00000316
N19000089,N00000339
N19000092,N00000175
N19000093,N00000267
N19000094,N00000221
N19000096,N00000150
N19000097,N00000321
N19000099,N00000264
N19000100,N00000146
N19000101,N00000297
N19000103,N00000137
N19000105,N00000229
N19000106,N00000280
N19000107,N00000203
N19000108,N00000155
N19000112,N00000302
N19000114,N00000323
N19000115,N00000288
N19000116,N00000207
N19000119,N00000189
N19000120,N00000294
N19000121,N00000194
N19000122,N00000282
N19000123,N00000401
N19000124,N00000442
N19000126,N00000470
N19000128,N00000419
N19000129,N00000446
N19000132,N00000399
N19000133,N00000423
N19000135,N00000453
N19000138,N00000464
N19000140,N00000448
N19000141,N00000355
N19000145,N00000409
N19000146,N00000349
N19000149,N00000382
N19000168,N00000454
N19000170,N00000381
N19000173,N00000418
N19000174,N00000460
N19000178,N00000459
N19000179,N00000440
N19000180,N00000354
N19000181,N00000389
N19000185,N00000619
N19000191,N00000573
N19000202,N00000552
N19000208,N00000492
N19000210,N00000634
N19000211,N00000570
N19000214,N00000580
N19000215,N00000546
N19000216,N00000484
N19000217,N00000628
N19000218,N00000578
N19000219,N00000480
N19000220,N00000611
N19000221,N00000560
N19000224,N00000513
N19000225,N00000587
N19000226,N00000639
N19000228,N00000521
N19000229,N00000508
N19000230,N00000633
N19000231,N00000502
N19000232,N00000630
N19000233,N00000562
N19000234,N00000593
N19000235,N00000544
N19000236,N00000537
N19000237,N00000539
N19000238,N00000605
N19000239,N00000641
N19000241,N00000525
N19000242,N00000612
N19000244,N00000626
N19000245,N00000610
N19000246,N00000533
N19000255,N00000712
N19000256,N00000667
N19000257,N00000645
N19000259,N00000664
N19000260,N00000700
N19000261,N00000708
N19000262,N00000691
N19000263,N00000689
N19000264,N00000653
N19000267,N00000714
N19000269,N00000650
N19000274,N00000688
N19000275,N00000685
N19000276,N00000701
N19000282,N00000723
N19000283,N00000734
N19000284,N00000763
N19000285,N00000797
N19000286,N00000752
N19000287,N00000755
N19000289,N00000804
N19000291,N00000771
N19000292,N00000808
N19000293,N00000787
N19000294,N00000776
N19000295,N00000815
N19000297,N00000744
N19000301,N00000747
N19000303,N00000733
N19000305,N00000738
N19000306,N00000799
N19000307,N00000788
N19000310,N00000719
N19000319,N00000933
N19000320,N00001148
N19000321,N00001274
N19000482,N00000899
N19000484,N00001239
N19000485,N00001050
N19000486,N00001372
N19000487,N00000846
N19000488,N00001538
N19000489,N00001171
N19000490,N00000915
N19000491,N00000891
N19000492,N00001293
N19000493,N00001618
N19000495,N00001207
N19000496,N00000934
N19000497,N00000978
N19000498,N00000866
N19000499,N00001512
N19000501,N00001541
N19000504,N00001599
N19000505,N00001121
N19000506,N00001337
N19000507,N00001567
N19000508,N00001356
N19000509,N00001360
N19000510,N00001398
N19000511,N00001053
N19000513,N00001339
N19000514,N00001129
N19000515,N00001242
N19000518,N00001034
N19000519,N00000953
N19000520,N00001106
N19000521,N00001052
N19000524,N00001221
N19000525,N00001434
N19000526,N00000949
N19000527,N00000888
N19000528,N00001389
N19000530,N00001154
N19000531,N00001559
N19000532,N00000997
N19000533,N00001205
N19000534,N00001442
N19000535,N00001606
N19000536,N00001285
N19000537,N00001344
N19000539,N00001282
N19000554,N00001031
N19000555,N00001505
N19000556,N00000880
N19000557,N00001380
N19000558,N00001616
N19000559,N00000827
N19000561,N00001176
N19000562,N00001595
N19000563,N00001366
N19000564,N00001521
N19000565,N00001127
N19000566,N00001509
N19000567,N00001233
N19000568,N00001475
N19000570,N00000982
N19000571,N00001405
N19000572,N00001019
N19000573,N00001430
N19000574,N00001639
N19000575,N00001448
N19000576,N00001255
N19000578,N00000910
N19000580,N00001096
N19000582,N00001322
N19000583,N00001456
N19000584,N00001390
N19000585,N00001193
N19000586,N00001484
N19000587,N00001533
N19000590,N00001074
N19000591,N00001546
N19000592,N00001302
N19000593,N00001069
N19000594,N00000838
N19000595,N00001273
N19000598,N00000967
N19000599,N00001179
N19000600,N00001604
N19000602,N00001508
N19000603,N00001090
N19000604,N00000860
N19000605,N00001158
N19000606,N00000924
N19000607,N00001334
N19000608,N00001583
N19000609,N00001001
N19000610,N00001249
N19000612,N00001313
N19000613,N00000878
N19000614,N00001411
N19000615,N00001553
N19000616,N00001423
N19000617,N00001085
N19000618,N00001612
N19000619,N00001348
N19000620,N00001248
N19000621,N00001025
N19000622,N00001272
N19000623,N00001590
N19000624,N00001561
N19000625,N00000965
N19000626,N00001064
N19000627,N00001632
N19000629,N00001470
N19000630,N00000921
N19000631,N00001137
N19000632,N00001095
N19000635,N00001295
N19000636,N00001211
N19000637,N00001569
N19000638,N00000883
N19000639,N00001195
N19000641,N00000944
N19000642,N00001266
N19000643,N00001166
N19000644,N00001043
N19000645,N00001628
N19000646,N00001200
N19000647,N00001477
N19000648,N00000835
N19000649,N00000898
N19000650,N00001139
N19000652,N00001371
N19000653,N00001623
N19000654,N00001482
N19000656,N00000986
N19000657,N00001522
N19000659,N00001465
N19000660,N00001013
N19000661,N00001330
N19000663,N00001460
N19000665,N00000843
N19000667,N00001576
N19000668,N00001262
N19000669,N00000970
N19000670,N00001463
N19000671,N00001164
N19000681,N00001723
N19000682,N00001663
N19000683,N00001727
N19000684,N00001657
N19000685,N00001717
N19000686,N00001684
N19000687,N00001650
N19000688,N00001672
N19000689,N00001732
N19000690,N00001701
N19000691,N00001690
N19000692,N00001747
N19000693,N00001668
N19000694,N00001737
N19000695,N00001708
N19000696,N00001652
N19000697,N00001742
N19000698,N00001739
N19000699,N00001643
N19000717,N00001832
N19000718,N00001754
N19000720,N00001927
N19000721,N00001809
N19000722,N00001857
N19000723,N00001788
N19000724,N00001790
N19000725,N00001903
N19000726,N00001879
N19000727,N00001769
N19000728,N00001850
N19000729,N00001793
N19000730,N00001909
N19000731,N00001784
N19000732,N00001802
N19000733,N00001936
N19000735,N00001862
N19000736,N00001939
N19000737,N00001841
N19000739,N00001805
N19000741,N00001887
N19000742,N00001921
N19000744,N00001759
N19000745,N00001814
N19000746,N00001864
N19000747,N00001891
N19000748,N00001896
N19000749,N00001804
N19000750,N00001883
N19000751,N00001783
N19000752,N00001893
N19000753,N00001873
N19000754,N00001917
N19000755,N00001777
N19000778,N00001981
N19000779,N00001944
N19000780,N00002005
N19000782,N00002015
N19000785,N00002019
N19000787,N00002024
N19000788,N00002004
N19000789,N00002066
N19000790,N00001990
N19000791,N00001972
N19000792,N00001958
N19000794,N00001952
N19000796,N00001987
N19000797,N00002086
N19000798,N00002040
N19000800,N00002012
N19000802,N00002077
N19000803,N00001954
N19000804,N00002061
N19000805,N00001967
N19000806,N00002046
N19000807,N00002013
N19000809,N00002030
N19000811,N00002058
N19000812,N00002067
N19000813,N00002074
N19000824,N00002116
N19000826,N00002157
N19000827,N00002111
N19000828,N00002165
N19000830,N00002108
N19000834,N00002144
N19000842,N00002140
N19000843,N00002100
N19000844,N00002160
N19000845,N00002094
N19000846,N00002162
N19000850,N00002113
N19000886,N00002309
N19000887,N00002213
N19000888,N00002348
N19000890,N00002374
N19000892,N00002351
N19000893,N00002382
N19000895,N00002323
N19000896,N00002187
N19000898,N00002234
N19000899,N00002227
N19000901,N00002239
N19000902,N00002271
N19000904,N00002361
N19000905,N00002321
N19000906,N00002392
N19000908,N00002294
N19000909,N00002219
N19000910,N00002329
N19000911,N00002388
N19000912,N00002381
N19000913,N00002226
N19000914,N00002268
N19000915,N00002356
N19000916,N00002279
N19000917,N00002340
N19000918,N00002190
N19000920,N00002173
N19000921,N00002375
N19000923,N00002333
N19000924,N00002379
N19000925,N00002230
N19000926,N00002285
N19000928,N00002208
N19000929,N00002245
N19000932,N00002253
N19000935,N00002263
N19000936,N00002199
N19000937,N00002339
N19000938,N00002177
N19000939,N00002275
N19000941,N00002335
N19000990,N00002618
N19000991,N00002479
N19000992,N00002524
N19000993,N00002500
N19000994,N00002398
N19000996,N00002611
N19000997,N00002625
N19000998,N00002518
N19000999,N00002585
N19001000,N00002547
N19001001,N00002578
N19001002,N00002449
N19001004,N00002433
N19001005,N00002483
N19001006,N00002568
N19001007,N00002592
N19001008,N00002535
N19001009,N00002580
N19001010,N00002412
N19001011,N00002467
N19001012,N00002596
N19001013,N00002560
N19001014,N00002553
N19001015,N00002440
N19001016,N00002509
N19001017,N00002455
N19001018,N00002425
N19001019,N00002463
N19001022,N00002519
N19001023,N00002410
N19001025,N00002421
N19001026,N00002420
N19001027,N00002569
N19001028,N00002616
N19001030,N00002460
N19001032,N00002542
N19001034,N00002561
N19001035,N00002491
N19001036,N00002528
N19001037,N00002501
N19001039,N00002557
N19001041,N00002627
N19001042,N00002473
N19001059,N00002733
N19001060,N00002638
N19001061,N00002695
N19001067,N00002665
N19001070,N00002755
N19001071,N00002758
N19001074,N00002723
N19001076,N00002725
N19001078,N00002775
N19001079,N00002790
N19001080,N00002740
N19001082,N00002680
N19001083,N00002705
N19001084,N00002716
N19001085,N00002711
N19001086,N00002706
N19001087,N00002674
N19001088,N00002686
N19001091,N00002774
N19001093,N00002719
N19001096,N00002762
N19001097,N00002651
N19001100,N00002741
N19001101,N00002644
N19001102,N00002731
N19001103,N00002750
N19001104,N00002635
N19001105,N00002712
N19001106,N00002659
N19001107,N00002664
N19001108,N00002860
N19001114,N00002845
N19001115,N00002851
N19001116,N00002901
N19001117,N00002865
N19001118,N00002831
N19001124,N00002895
N19001126,N00002846
N19001128,N00002819
N19001132,N00002806
N19001133,N00002911
N19001134,N00002896
N19001137,N00002796
N19001138,N00002807
N19001139,N00002812
N19001140,N00002886
N19001141,N00002811
N19001148,N00002828
N19001149,N00002869
N19001155,N00002837
N19001180,N00003021
N19001182,N00002941
N19001184,N00003028
N19001185,N00003037
N19001186,N00003036
N19001187,N00002991
N19001188,N00003066
N19001189,N00003004
N19001190,N00002945
N19001191,N00002985
N19001194,N00003030
N19001196,N00003011
N19001198,N00002957
N19001201,N00002963
N19001202,N00003010
N19001203,N00002935
N19001204,N00002966
N19001205,N00002926
N19001206,N00002978
N19001209,N00003056
N19001210,N00003041
N19001213,N00002959
N19001214,N00003051
N19001216,N00002936
N19001218,N00002953
N19001219,N00003006
N19001221,N00002915
N19001222,N00003002
N19001223,N00002923
N19001224,N00002999
N19001226,N00002997
N19001228,N00002970
N19001229,N00003065
N19001232,N00003088
N19001240,N00003154
N19001241,N00003070
N19001242,N00003102
N19001243,N00003118
N19001244,N00003131
N19001245,N00003095
N19001246,N00003130
N19001247,N00003077
N19001248,N00003155
N19001251,N00003147
N19001252,N00003083
N19001255,N00003107
N19001256,N00003133
N19001257,N00003144
N19001258,N00003143
N19001259,N00003125
N19001260,N00003114
N19001267,N00003212
N19001269,N00003234
N19001270,N00003220
N19001271,N00003198
N19001272,N00003205
N19001274,N00003183
N19001275,N00003223
N19001276,N00003195
N19001278,N00003208
N19001279,N00003191
N19001280,N00003182
N19001283,N00003173
N19001284,N00003203
N19001286,N00003236
N19001287,N00003186
N19001288,N00003169
N19001289,N00003210
N19001290,N00003521
N19001318,N00003479
N19001319,N00003421
N19001320,N00003467
N19001321,N00003375
N19001322,N00003503
N19001323,N00003302
N19001324,N00003325
N19001325,N00003433
N19001326,N00003422
N19001327,N00003340
N19001329,N00003394
N19001330,N00003437
N19001331,N00003516
N19001332,N00003444
N19001333,N00003446
N19001334,N00003468
N19001338,N00003471
N19001339,N00003367
N19001340,N00003483
N19001341,N00003510
N19001342,N00003357
N19001343,N00003280
N19001344,N00003282
N19001345,N00003348
N19001346,N00003492
N19001348,N00003385
N19001349,N00003513
N19001350,N00003398
N19001351,N00003266
N19001352,N00003376
N19001353,N00003455
N19001354,N00003364
N19001355,N00003247
N19001356,N00003452
N19001357,N00003319
N19001359,N00003336
N19001361,N00003333
N19001362,N00003411
N19001364,N00003355
N19001365,N00003400
N19001366,N00003381
N19001367,N00003291
N19001368,N00003258
N19001369,N00003353
N19001374,N00003253
N19001376,N00003312
N19001378,N00003395
N19001379,N00003285
N19001380,N00003273
N19001381,N00003485
N19001384,N00003310
N19001385,N00003432
N19001386,N00003296
N19001387,N00003316
N19001403,N00003597
N19001405,N00003543
N19001407,N00003607
N19001408,N00003620
N19001409,N00003602
N19001413,N00003544
N19001414,N00003566
N19001418,N00003598
N19001420,N00003593
N19001423,N00003609
N19001424,N00003564
N19001425,N00003616
N19001426,N00003586
N19001427,N00003589
N19001428,N00003577
N19001429,N00003584
N19001432,N00003621
N19001435,N00003665
N19001437,N00003631
N19001439,N00003663
N19001440,N00003636
N19001441,N00003645
N19001443,N00003651
N19001446,N00003648
N19001448,N00003662
N19001449,N00003638
N19001450,N00003740
N19001455,N00003755
N19001457,N00003802
N19001458,N00003710
N19001459,N00003686
N19001460,N00003851
N19001461,N00003811
N19001462,N00003816
N19001463,N00003720
N19001465,N00003847
N19001466,N00003726
N19001467,N00003799
N19001468,N00003855
N19001469,N00003808
N19001470,N00003761
N19001471,N00003718
N19001472,N00003833
N19001473,N00003693
N19001474,N00003673
N19001475,N00003838
N19001476,N00003853
N19001477,N00003796
N19001478,N00003821
N19001479,N00003876
N19001482,N00003787
N19001483,N00003732
N19001484,N00003886
N19001485,N00003691
N19001486,N00003688
N19001487,N00003767
N19001488,N00003679
N19001489,N00003834
N19001491,N00003751
N19001492,N00003792
N19001493,N00003868
N19001494,N00003843
N19001496,N00003873
N19001497,N00003736
N19001498,N00003826
N19001499,N00003745
N19001500,N00003840
N19001501,N00003822
N19001502,N00003716
N19001504,N00003724
N19001518,N00003781
N19001521,N00003771
N19001522,N00003674
N19001524,N00003733
N19001528,N00003860
N19001533,N00004101
N19001534,N00003998
N19001535,N00003972
N19001537,N00003959
N19001538,N00004014
N19001539,N00003904
N19001540,N00003925
N19001542,N00003921
N19001543,N00003954
N19001544,N00004004
N19001545,N00004038
N19001547,N00003960
N19001548,N00003916
N19001549,N00003991
N19001550,N00004070
N19001551,N00004052
N19001552,N00003908
N19001553,N00004040
N19001554,N00003975
N19001556,N00003949
N19001557,N00003906
N19001558,N00003893
N19001559,N00004073
N19001561,N00004034
N19001563,N00004044
N19001564,N00003945
N19001566,N00004056
N19001567,N00003986
N19001568,N00004069
N19001569,N00003981
N19001570,N00003993
N19001571,N00004106
N19001572,N00004019
N19001576,N00004086
N19001577,N00004046
N19001579,N00004089
N19001580,N00004009
N19001581,N00004023
N19001582,N00004075
N19001583,N00004064
N19001584,N00004099
N19001602,N00004161
N19001603,N00004287
N19001604,N00004248
N19001605,N00004263
N19001606,N00004185
N19001607,N00004193
N19001608,N00004116
N19001609,N00004164
N19001610,N00004189
N19001611,N00004253
N19001612,N00004201
N19001613,N00004286
N19001614,N00004285
N19001615,N00004222
N19001616,N00004329
N19001617,N00004308
N19001618,N00004138
N19001619,N00004312
N19001620,N00004113
N19001621,N00004275
N19001622,N00004239
N19001623,N00004267
N19001624,N00004232
N19001625,N00004205
N19001626,N00004299
N19001627,N00004258
N19001628,N00004321
N19001629,N00004120
N19001631,N00004211
N19001632,N00004134
N19001633,N00004181
N19001634,N00004206
N19001636,N00004177
N19001637,N00004215
N19001638,N00004141
N19001639,N00004126
N19001640,N00004325
N19001641,N00004229
N19001642,N00004234
N19001643,N00004281
N19001644,N00004292
N19001646,N00004171
N19001647,N00004152
N19001668,N00004348
N19001669,N00004383
N19001671,N00004354
N19001672,N00004405
N19001674,N00004394
N19001676,N00004349
N19001677,N00004389
N19001680,N00004430
N19001681,N00004425
N19001693,N00004438
N19001697,N00004435
N19001700,N00004411
N19001701,N00004445
N19001702,N00004373
N19001703,N00004426
N19001704,N00004421
N19001723,N00004489
N19001726,N00004455
N19001727,N00004517
N19001729,N00004518
N19001730,N00004468
N19001731,N00004510
N19001732,N00004494
N19001733,N00004503
N19001734,N00004467
N19001735,N00004449
N19001736,N00004483
N19001737,N00004534
N19001738,N00004471
N19001741,N00004461
N19001742,N00004482
N19001743,N00004516
N19001744,N00004531
N19001745,N00004477
N19001747,N00004524
N19001748,N00004530
N19000003,N00000050
N19000005,N00000100
N19000006,N00000075
N19000029,N00000044
N19000031,N00000082
N19000033,N00000068
N19000040,N00000096
N19000041,N00000028
N19000042,N00000069
N19000043,N00000102
N19000045,N00000095
N19000051,N00000060
N19000052,N00000108
N19000053,N00000020
N19000054,N00000115
N19000070,N00000147
N19000071,N00000233
N19000072,N00000246
N19000073,N00000168
N19000074,N00000176
N19000077,N00000283
N19000078,N00000217
N19000079,N00000342
N19000080,N00000332
N19000081,N00000242
N19000083,N00000269
N19000086,N00000274
N19000088,N00000317
N19000093,N00000273
N19000094,N00000224
N19000096,N00000151
N19000099,N00000265
N19000100,N00000198
N19000101,N00000298
N19000103,N00000138
N19000105,N00000293
N19000106,N00000284
N19000107,N00000205
N19000108,N00000156
N19000112,N00000303
N19000115,N00000289
N19000116,N00000208
N19000119,N00000190
N19000121,N00000195
N19000122,N00000304
N19000126,N00000472
N19000129,N00000447
N19000138,N00000465
N19000145,N00000471
N19000170,N00000405
N19000174,N00000461
N19000178,N00000462
N19000181,N00000437
N19000185,N00000620
N19000202,N00000553
N19000211,N00000571
N19000215,N00000547
N19000216,N00000485
N19000219,N00000481
N19000224,N00000514
N19000226,N00000640
N19000229,N00000510
N19000231,N00000503
N19000235,N00000548
N19000238,N00000606
N19000239,N00000642
N19000242,N00000613
N19000257,N00000646
N19000261,N00000709
N19000262,N00000692
N19000264,N00000656
N19000276,N00000703
N19000282,N00000725
N19000283,N00000767
N19000284,N00000765
N19000286,N00000756
N19000287,N00000780
N19000292,N00000811
N19000294,N00000791
N19000295,N00000817
N19000297,N00000746
N19000303,N00000758
N19000310,N00000720
N19000319,N00000937
N19000320,N00001149
N19000321,N00001275
N19000482,N00000900
N19000484,N00001240
N19000485,N00001098
N19000487,N00001224
N19000488,N00001539
N19000489,N00001172
N19000490,N00000916
N19000491,N00000897
N19000492,N00001294
N19000493,N00001621
N19000495,N00001209
N19000496,N00000935
N19000497,N00000980
N19000498,N00000867
N19000499,N00001513
N19000501,N00001542
N19000504,N00001601
N19000505,N00001123
N19000507,N00001568
N19000508,N00001357
N19000509,N00001361
N19000511,N00001054
N19000513,N00001340
N19000515,N00001243
N19000518,N00001035
N19000519,N00000955
N19000520,N00001107
N19000521,N00001055
N19000524,N00001222
N19000525,N00001435
N19000526,N00000950
N19000531,N00001562
N19000532,N00000998
N19000533,N00001208
N19000534,N00001444
N19000535,N00001607
N19000536,N00001286
N19000539,N00001451
N19000558,N00001619
N19000559,N00000830
N19000561,N00001177
N19000562,N00001597
N19000563,N00001378
N19000564,N00001524
N19000567,N00001235
N19000568,N00001476
N19000570,N00000984
N19000571,N00001406
N19000572,N00001020
N19000575,N00001449
N19000576,N00001257
N19000578,N00000911
N19000580,N00001097
N19000582,N00001323
N19000584,N00001391
N19000585,N00001194
N19000586,N00001487
N19000590,N00001075
N19000591,N00001548
N19000592,N00001303
N19000593,N00001071
N19000598,N00000973
N19000599,N00001180
N19000600,N00001605
N19000604,N00000861
N19000606,N00001049
N19000608,N00001588
N19000609,N00001002
N19000610,N00001250
N19000612,N00001314
N19000613,N00000884
N19000614,N00001412
N19000615,N00001554
N19000620,N00001309
N19000621,N00001026
N19000625,N00000966
N19000626,N00001068
N19000627,N00001633
N19000630,N00000925
N19000631,N00001138
N19000632,N00001555
N19000635,N00001297
N19000641,N00000945
N19000642,N00001492
N19000643,N00001167
N19000644,N00001044
N19000646,N00001201
N19000647,N00001479
N19000649,N00001402
N19000650,N00001140
N19000652,N00001373
N19000653,N00001624
N19000654,N00001483
N19000656,N00000987
N19000657,N00001525
N19000659,N00001517
N19000665,N00000847
N19000667,N00001577
N19000668,N00001535
N19000669,N00000971
N19000670,N00001474
N19000681,N00001724
N19000682,N00001664
N19000683,N00001729
N19000684,N00001658
N19000685,N00001718
N19000686,N00001685
N19000687,N00001733
N19000688,N00001673
N19000690,N00001702
N19000691,N00001691
N19000692,N00001748
N19000693,N00001669
N19000695,N00001709
N19000696,N00001653
N19000697,N00001743
N19000699,N00001644
N19000717,N00001833
N19000718,N00001758
N19000720,N00001928
N19000721,N00001812
N19000722,N00001861
N19000723,N00001854
N19000725,N00001904
N19000726,N00001913
N19000727,N00001774
N19000729,N00001797
N19000730,N00001910
N19000731,N00001786
N19000733,N00001941
N19000736,N00001940
N19000737,N00001842
N19000741,N00001888
N19000742,N00001922
N19000745,N00001815
N19000746,N00001880
N19000750,N00001890
N19000751,N00001824
N19000752,N00001897
N19000753,N00001875
N19000754,N00001918
N19000755,N00001845
N19000778,N00001983
N19000780,N00002006
N19000782,N00002017
N19000785,N00002020
N19000787,N00002026
N19000789,N00002068
N19000790,N00001991
N19000791,N00002036
N19000792,N00001959
N19000794,N00001953
N19000796,N00001993
N19000797,N00002089
N19000803,N00001998
N19000804,N00002062
N19000805,N00001969
N19000806,N00002069
N19000809,N00002031
N19000813,N00002075
N19000824,N00002117
N19000828,N00002168
N19000842,N00002141
N19000886,N00002310
N19000887,N00002214
N19000888,N00002349
N19000892,N00002352
N19000893,N00002383
N19000895,N00002324
N19000898,N00002235
N19000899,N00002228
N19000901,N00002242
N19000902,N00002353
N19000904,N00002364
N19000905,N00002322
N19000906,N00002393
N19000908,N00002295
N19000909,N00002220
N19000911,N00002391
N19000916,N00002280
N19000917,N00002341
N19000918,N00002191
N19000924,N00002384
N19000926,N00002286
N19000928,N00002209
N19000936,N00002200
N19000937,N00002342
N19000938,N00002178
N19000939,N00002276
N19000991,N00002480
N19000994,N00002399
N19000997,N00002626
N19000999,N00002586
N19001000,N00002548
N19001001,N00002612
N19001002,N00002450
N19001005,N00002484
N19001007,N00002593
N19001008,N00002575
N19001009,N00002581
N19001011,N00002468
N19001012,N00002598
N19001013,N00002564
N19001014,N00002620
N19001015,N00002441
N19001016,N00002510
N19001017,N00002457
N19001018,N00002426
N19001019,N00002464
N19001022,N00002520
N19001023,N00002571
N19001025,N00002422
N19001027,N00002570
N19001032,N00002543
N19001034,N00002562
N19001035,N00002493
N19001036,N00002529
N19001037,N00002502
N19001041,N00002628
N19001042,N00002474
N19001060,N00002639
N19001061,N00002696
N19001071,N00002759
N19001074,N00002724
N19001078,N00002776
N19001079,N00002791
N19001084,N00002766
N19001088,N00002687
N19001091,N00002788
N19001096,N00002763
N19001097,N00002652
N19001101,N00002645
N19001102,N00002732
N19001103,N00002751
N19001107,N00002666
N19001108,N00002861
N19001114,N00002847
N19001128,N00002904
N19001140,N00002887
N19001185,N00003038
N19001190,N00002946
N19001191,N00002986
N19001202,N00003012
N19001209,N00003057
N19001210,N00003042
N19001226,N00002998
N19001228,N00003045
N19001232,N00003089
N19001241,N00003071
N19001243,N00003119
N19001245,N00003127
N19001246,N00003132
N19001247,N00003078
N19001248,N00003156
N19001251,N00003148
N19001252,N00003090
N19001255,N00003108
N19001256,N00003134
N19001260,N00003115
N19001267,N00003213
N19001271,N00003211
N19001274,N00003185
N19001275,N00003224
N19001279,N00003192
N19001286,N00003238
N19001290,N00003522
N19001319,N00003424
N19001322,N00003504
N19001323,N00003303
N19001324,N00003326
N19001325,N00003497
N19001327,N00003341
N19001330,N00003438
N19001331,N00003520
N19001333,N00003451
N19001338,N00003472
N19001339,N00003426
N19001340,N00003509
N19001343,N00003281
N19001346,N00003494
N19001350,N00003399
N19001351,N00003267
N19001352,N00003377
N19001353,N00003456
N19001355,N00003249
N19001357,N00003320
N19001361,N00003334
N19001362,N00003412
N19001364,N00003358
N19001365,N00003403
N19001366,N00003383
N19001367,N00003292
N19001368,N00003259
N19001374,N00003255
N19001376,N00003517
N19001379,N00003286
N19001380,N00003274
N19001381,N00003486
N19001384,N00003460
N19001386,N00003297
N19001405,N00003545
N19001409,N00003603
N19001418,N00003601
N19001423,N00003610
N19001424,N00003568
N19001425,N00003617
N19001437,N00003633
N19001440,N00003666
N19001448,N00003664
N19001449,N00003639
N19001450,N00003742
N19001455,N00003757
N19001460,N00003854
N19001461,N00003812
N19001465,N00003848
N19001468,N00003856
N19001470,N00003764
N19001474,N00003675
N19001477,N00003798
N19001482,N00003788
N19001485,N00003696
N19001486,N00003689
N19001488,N00003680
N19001494,N00003844
N19001497,N00003737
N19001499,N00003746
N19001502,N00003719
N19001504,N00003727
N19001518,N00003783
N19001521,N00003775
N19001533,N00004103
N19001534,N00003999
N19001535,N00004000
N19001537,N00004079
N19001538,N00004016
N19001539,N00003935
N19001540,N00003926
N19001542,N00003922
N19001543,N00003962
N19001544,N00004005
N19001547,N00003961
N19001548,N00003965
N19001549,N00003992
N19001553,N00004041
N19001554,N00003976
N19001556,N00003951
N19001557,N00003912
N19001558,N00003894
N19001559,N00004074
N19001563,N00004045
N19001564,N00003946
N19001567,N00003987
N19001568,N00004071
N19001569,N00003983
N19001570,N00003994
N19001571,N00004107
N19001572,N00004020
N19001576,N00004087
N19001577,N00004047
N19001579,N00004091
N19001580,N00004010
N19001581,N00004024
N19001602,N00004162
N19001603,N00004288
N19001604,N00004249
N19001605,N00004265
N19001606,N00004186
N19001608,N00004117
N19001609,N00004165
N19001610,N00004191
N19001611,N00004260
N19001612,N00004207
N19001614,N00004290
N19001615,N00004223
N19001616,N00004333
N19001617,N00004330
N19001618,N00004252
N19001619,N00004313
N19001620,N00004114
N19001622,N00004240
N19001625,N00004303
N19001626,N00004301
N19001627,N00004259
N19001628,N00004323
N19001629,N00004142
N19001632,N00004136
N19001633,N00004182
N19001634,N00004245
N19001637,N00004216
N19001638,N00004143
N19001639,N00004127
N19001640,N00004326
N19001641,N00004230
N19001642,N00004295
N19001643,N00004282
N19001644,N00004293
N19001646,N00004172
N19001647,N00004153
N19001668,N00004379
N19001669,N00004385
N19001674,N00004395
N19001676,N00004406
N19001680,N00004431
N19001702,N00004440
N19001726,N00004456
N19001731,N00004511
N19001732,N00004495
N19001733,N00004504
N19001736,N00004508
N19001737,N00004535
N19001741,N00004462
N19001745,N00004528
N19000003,N00000088
N19000033,N00000111
N19000043,N00000104
N19000051,N00000061
N19000052,N00000109
N19000053,N00000021
N19000054,N00000116
N19000071,N00000234
N19000072,N00000299
N19000073,N00000238
N19000078,N00000218
N19000079,N00000343
N19000080,N00000333
N19000081,N00000247
N19000094,N00000225
N19000096,N00000152
N19000099,N00000266
N19000101,N00000307
N19000105,N00000295
N19000106,N00000285
N19000112,N00000305
N19000115,N00000290
N19000116,N00000209
N19000119,N00000191
N19000121,N00000196
N19000122,N00000306
N19000129,N00000473
N19000138,N00000466
N19000145,N00000476
N19000202,N00000554
N19000216,N00000486
N19000224,N00000515
N19000229,N00000614
N19000231,N00000504
N19000238,N00000607
N19000262,N00000693
N19000264,N00000662
N19000276,N00000704
N19000283,N00000768
N19000284,N00000816
N19000286,N00000757
N19000287,N00000781
N19000292,N00000812
N19000295,N00000818
N19000303,N00000759
N19000310,N00000823
N19000319,N00000939
N19000320,N00001151
N19000321,N00001276
N19000482,N00000901
N19000484,N00001241
N19000485,N00001100
N19000487,N00001225
N19000489,N00001544
N19000490,N00000917
N19000492,N00001345
N19000493,N00001622
N19000495,N00001212
N19000497,N00000989
N19000498,N00000869
N19000501,N00001543
N19000504,N00001602
N19000507,N00001571
N19000509,N00001362
N19000511,N00001056
N19000515,N00001244
N19000518,N00001036
N19000519,N00001039
N19000520,N00001108
N19000521,N00001087
N19000524,N00001223
N19000531,N00001563
N19000532,N00000999
N19000535,N00001609
N19000536,N00001287
N19000558,N00001620
N19000559,N00001300
N19000561,N00001186
N19000564,N00001527
N19000567,N00001236
N19000568,N00001478
N19000570,N00000988
N19000571,N00001408
N19000572,N00001021
N19000575,N00001450
N19000576,N00001258
N19000578,N00000912
N19000580,N00001101
N19000582,N00001324
N19000584,N00001393
N19000585,N00001197
N19000586,N00001488
N19000590,N00001076
N19000591,N00001549
N19000592,N00001305
N19000593,N00001453
N19000598,N00000974
N19000599,N00001181
N19000600,N00001608
N19000606,N00001057
N19000609,N00001003
N19000610,N00001254
N19000612,N00001315
N19000614,N00001413
N19000615,N00001556
N19000620,N00001310
N19000621,N00001422
N19000627,N00001636
N19000630,N00001308
N19000631,N00001143
N19000632,N00001557
N19000635,N00001298
N19000641,N00000952
N19000642,N00001493
N19000644,N00001045
N19000649,N00001403
N19000650,N00001141
N19000652,N00001374
N19000653,N00001625
N19000654,N00001485
N19000656,N00001428
N19000657,N00001526
N19000665,N00000848
N19000667,N00001578
N19000668,N00001536
N19000669,N00000972
N19000681,N00001725
N19000682,N00001665
N19000683,N00001730
N19000684,N00001659
N19000685,N00001719
N19000686,N00001686
N19000687,N00001735
N19000688,N00001674
N19000691,N00001692
N19000692,N00001749
N19000695,N00001710
N19000696,N00001654
N19000699,N00001645
N19000717,N00001834
N19000718,N00001822
N19000720,N00001930
N19000721,N00001813
N19000722,N00001863
N19000723,N00001858
N19000725,N00001908
N19000726,N00001914
N19000727,N00001775
N19000731,N00001789
N19000737,N00001844
N19000741,N00001889
N19000742,N00001923
N19000745,N00001816
N19000746,N00001882
N19000751,N00001825
N19000752,N00001898
N19000755,N00001846
N19000778,N00001984
N19000780,N00002007
N19000790,N00001992
N19000792,N00001960
N19000794,N00002052
N19000803,N00002000
N19000805,N00001970
N19000809,N00002032
N19000813,N00002076
N19000842,N00002142
N19000886,N00002311
N19000888,N00002350
N19000899,N00002336
N19000902,N00002355
N19000904,N00002365
N19000905,N00002325
N19000906,N00002395
N19000908,N00002296
N19000911,N00002394
N19000917,N00002380
N19000918,N00002193
N19000924,N00002385
N19000926,N00002287
N19000936,N00002201
N19000937,N00002343
N19000939,N00002304
N19000994,N00002403
N19000999,N00002587
N19001005,N00002486
N19001009,N00002582
N19001011,N00002469
N19001012,N00002600
N19001014,N00002621
N19001015,N00002443
N19001018,N00002427
N19001023,N00002572
N19001032,N00002544
N19001034,N00002563
N19001035,N00002494
N19001036,N00002530
N19001041,N00002629
N19001042,N00002475
N19001061,N00002697
N19001071,N00002760
N19001078,N00002777
N19001088,N00002689
N19001108,N00002864
N19001128,N00002905
N19001190,N00002947
N19001209,N00003058
N19001210,N00003043
N19001228,N00003046
N19001232,N00003159
N19001241,N00003080
N19001248,N00003157
N19001252,N00003091
N19001256,N00003135
N19001260,N00003120
N19001267,N00003214
N19001271,N00003215
N19001274,N00003187
N19001275,N00003226
N19001319,N00003425
N19001323,N00003304
N19001325,N00003498
N19001327,N00003342
N19001330,N00003441
N19001338,N00003473
N19001339,N00003428
N19001346,N00003495
N19001350,N00003401
N19001353,N00003457
N19001357,N00003321
N19001361,N00003335
N19001362,N00003413
N19001365,N00003405
N19001366,N00003386
N19001368,N00003261
N19001374,N00003257
N19001376,N00003518
N19001379,N00003372
N19001380,N00003275
N19001381,N00003487
N19001384,N00003461
N19001386,N00003299
N19001449,N00003640
N19001450,N00003756
N19001455,N00003758
N19001461,N00003813
N19001482,N00003789
N19001488,N00003682
N19001497,N00003738
N19001499,N00003747
N19001535,N00004007
N19001537,N00004080
N19001538,N00004021
N19001540,N00003927
N19001542,N00004027
N19001543,N00003963
N19001544,N00004006
N19001547,N00004077
N19001548,N00003967
N19001554,N00003977
N19001556,N00003952
N19001557,N00003913
N19001558,N00003895
N19001564,N00003947
N19001567,N00003988
N19001568,N00004072
N19001569,N00003984
N19001570,N00003997
N19001571,N00004108
N19001577,N00004049
N19001580,N00004011
N19001581,N00004025
N19001603,N00004289
N19001604,N00004250
N19001606,N00004311
N19001608,N00004121
N19001609,N00004166
N19001612,N00004210
N19001616,N00004334
N19001617,N00004331
N19001618,N00004254
N19001619,N00004314
N19001620,N00004137
N19001622,N00004241
N19001625,N00004304
N19001626,N00004302
N19001629,N00004146
N19001632,N00004190
N19001637,N00004217
N19001638,N00004144
N19001640,N00004327
N19001642,N00004296
N19001644,N00004294
N19001646,N00004173
N19001647,N00004154
N19001668,N00004384
N19001676,N00004407
N19001726,N00004457
N19001731,N00004512
N19001737,N00004537
N19001745,N00004529
N19000033,N00000112
N19000052,N00000110
N19000053,N00000022
N19000054,N00000117
N19000071,N00000235
N19000072,N00000300
N19000080,N00000334
N19000081,N00000250
N19000094,N00000226
N19000101,N00000308
N19000119,N00000197
N19000121,N00000199
N19000129,N00000475
N19000138,N00000467
N19000202,N00000555
N19000216,N00000487
N19000224,N00000516
N19000229,N00000615
N19000231,N00000596
N19000264,N00000663
N19000283,N00000769
N19000295,N00000821
N19000303,N00000764
N19000319,N00000940
N19000320,N00001153
N19000321,N00001277
N19000482,N00000902
N19000487,N00001230
N19000490,N00000918
N19000495,N00001213
N19000497,N00000990
N19000504,N00001603
N19000507,N00001573
N19000511,N00001058
N19000515,N00001245
N19000518,N00001040
N19000520,N00001112
N19000521,N00001088
N19000524,N00001226
N19000531,N00001564
N19000536,N00001288
N19000559,N00001304
N19000561,N00001187
N19000570,N00001598
N19000576,N00001259
N19000578,N00001316
N19000580,N00001102
N19000584,N00001394
N19000585,N00001199
N19000586,N00001490
N19000590,N00001077
N19000591,N00001550
N19000592,N00001306
N19000599,N00001184
N19000606,N00001059
N19000609,N00001004
N19000610,N00001256
N19000614,N00001414
N19000621,N00001425
N19000627,N00001638
N19000635,N00001299
N19000641,N00000954
N19000642,N00001495
N19000649,N00001407
N19000650,N00001196
N19000652,N00001376
N19000653,N00001626
N19000654,N00001486
N19000657,N00001528
N19000665,N00000849
N19000668,N00001537
N19000681,N00001726
N19000682,N00001745
N19000683,N00001731
N19000684,N00001660
N19000685,N00001720
N19000686,N00001687
N19000688,N00001675
N19000691,N00001693
N19000695,N00001711
N19000696,N00001677
N19000699,N00001740
N19000717,N00001835
N19000718,N00001823
N19000720,N00001931
N19000721,N00001818
N19000723,N00001859
N19000726,N00001915
N19000727,N00001776
N19000741,N00001892
N19000742,N00001924
N19000746,N00001884
N19000751,N00001826
N19000752,N00001899
N19000755,N00001874
N19000778,N00001985
N19000792,N00001961
N19000794,N00002053
N19000803,N00002050
N19000809,N00002034
N19000886,N00002312
N19000899,N00002338
N19000902,N00002357
N19000904,N00002366
N19000908,N00002297
N19000918,N00002194
N19000926,N00002288
N19000936,N00002231
N19000937,N00002358
N19000994,N00002404
N19000999,N00002588
N19001005,N00002488
N19001011,N00002470
N19001012,N00002601
N19001014,N00002623
N19001018,N00002428
N19001032,N00002545
N19001035,N00002495
N19001036,N00002531
N19001041,N00002631
N19001042,N00002476
N19001061,N00002698
N19001190,N00002983
N19001228,N00003059
N19001241,N00003081
N19001248,N00003158
N19001252,N00003092
N19001256,N00003138
N19001260,N00003121
N19001274,N00003225
N19001275,N00003227
N19001319,N00003489
N19001323,N00003305
N19001325,N00003499
N19001327,N00003343
N19001346,N00003496
N19001353,N00003458
N19001357,N00003322
N19001362,N00003414
N19001366,N00003427
N19001374,N00003260
N19001376,N00003519
N19001381,N00003488
N19001384,N00003462
N19001455,N00003759
N19001488,N00003780
N19001497,N00003773
N19001537,N00004082
N19001540,N00003930
N19001542,N00004029
N19001543,N00004015
N19001547,N00004078
N19001554,N00003980
N19001556,N00003955
N19001567,N00003989
N19001571,N00004109
N19001604,N00004251
N19001606,N00004315
N19001608,N00004122
N19001609,N00004167
N19001616,N00004335
N19001617,N00004332
N19001618,N00004255
N19001619,N00004316
N19001622,N00004283
N19001625,N00004305
N19001629,N00004147
N19001637,N00004218
N19001638,N00004145
N19001640,N00004328
N19001642,N00004300
N19001646,N00004174
N19001647,N00004158
N19001668,N00004412
N19001676,N00004409
N19001726,N00004522
N19000033,N00000113
N19000053,N00000023
N19000071,N00000236
N19000094,N00000227
N19000101,N00000309
N19000119,N00000200
N19000121,N00000204
N19000138,N00000468
N19000216,N00000488
N19000224,N00000517
N19000229,N00000616
N19000231,N00000600
N19000283,N00000770
N19000321,N00001278
N19000482,N00000903
N19000487,N00001629
N19000490,N00000919
N19000495,N00001214
N19000520,N00001115
N19000524,N00001227
N19000536,N00001289
N19000570,N00001600
N19000578,N00001317
N19000580,N00001103
N19000584,N00001395
N19000586,N00001494
N19000590,N00001078
N19000592,N00001307
N19000599,N00001185
N19000606,N00001060
N19000609,N00001005
N19000627,N00001640
N19000641,N00000956
N19000642,N00001496
N19000652,N00001377
N19000653,N00001627
N19000654,N00001489
N19000657,N00001529
N19000665,N00000850
N19000681,N00001728
N19000682,N00001746
N19000688,N00001676
N19000691,N00001697
N19000696,N00001679
N19000717,N00001836
N19000720,N00001934
N19000721,N00001938
N19000723,N00001860
N19000727,N00001843
N19000741,N00001932
N19000742,N00001925
N19000746,N00001935
N19000751,N00001827
N19000755,N00001878
N19000792,N00001962
N19000886,N00002316
N19000918,N00002363
N19000937,N00002359
N19000994,N00002405
N19000999,N00002589
N19001014,N00002624
N19001018,N00002429
N19001032,N00002546
N19001035,N00002496
N19001036,N00002532
N19001042,N00002630
N19001190,N00002984
N19001241,N00003112
N19001252,N00003096
N19001260,N00003122
N19001325,N00003500
N19001353,N00003459
N19001362,N00003415
N19001455,N00003760
N19001497,N00003774
N19001537,N00004083
N19001540,N00003931
N19001542,N00004030
N19001554,N00004061
N19001556,N00003956
N19001606,N00004317
N19001616,N00004336
N19001619,N00004318
N19001625,N00004309
N19001646,N00004175
N19001726,N00004523
N19000033,N00000114
N19000094,N00000228
N19000138,N00000469
N19000216,N00000489
N19000229,N00000617
N19000231,N00000601
N19000321,N00001283
N19000487,N00001635
N19000490,N00001099
N19000495,N00001215
N19000524,N00001228
N19000536,N00001290
N19000578,N00001318
N19000580,N00001104
N19000586,N00001497
N19000652,N00001379
N19000653,N00001634
N19000657,N00001530
N19000665,N00000851
N19000691,N00001698
N19000696,N00001680
N19000717,N00001837
N19000741,N00001933
N19000742,N00001926
N19000751,N00001828
N19000792,N00001963
N19001035,N00002497
N19001036,N00002597
N19001241,N00003113
N19001252,N00003097
N19001260,N00003160
N19001325,N00003502
N19001362,N00003416
N19001542,N00004031
N19001606,N00004320
N19001616,N00004337
N19001625,N00004310
N19001646,N00004178
N19001726,N00004525
N19000231,N00000602
N19000524,N00001229
N19000580,N00001105
N19000691,N00001699
N19000717,N00001838
N19000751,N00001829
N19000792,N00001964
N19001325,N00003505
N19001542,N00004032
N19001625,N00004319
N19000524,N00001320
N19000691,N00001700
N19000792,N00002078
N19001542,N00004033
N19000792,N00002080
