CCG,STP
E38000006,E54000009
E38000007,E54000026
E38000008,E54000009
E38000014,E54000048
E38000015,E54000048
E38000016,E54000007
E38000021,E54000053
E38000024,E54000007
E38000025,E54000054
E38000026,E54000021
E38000028,E54000010
E38000030,E54000026
E38000034,E54000048
E38000044,E54000009
E38000045,E54000041
E38000049,E54000025
E38000050,E54000048
E38000051,E54000015
E38000052,E54000051
E38000053,E54000010
E38000062,E54000043
E38000068,E54000008
E38000079,E54000025
E38000080,E54000007
E38000085,E54000051
E38000086,E54000023
E38000089,E54000036
E38000091,E54000008
E38000097,E54000015
E38000101,E54000008
E38000106,E54000026
E38000117,E54000023
E38000119,E54000051
E38000122,E54000051
E38000126,E54000010
E38000127,E54000050
E38000130,E54000050
E38000135,E54000007
E38000136,E54000044
E38000137,E54000042
E38000141,E54000009
E38000143,E54000007
E38000146,E54000009
E38000150,E54000038
E38000153,E54000010
E38000161,E54000008
E38000163,E54000050
E38000168,E54000026
E38000170,E54000008
E38000172,E54000008
E38000173,E54000010
E38000174,E54000007
E38000175,E54000010
E38000176,E54000050
E38000182,E54000007
E38000185,E54000026
E38000187,E54000007
E38000188,E54000051
E38000190,E54000054
E38000194,E54000008
E38000197,E54000025
E38000200,E54000048
E38000201,E54000015
E38000204,E54000023
E38000205,E54000007
E38000208,E54000008
E38000212,E54000050
E38000215,E54000050
E38000217,E54000007
E38000220,E54000017
E38000221,E54000044
E38000222,E54000039
E38000223,E54000044
E38000225,E54000054
E38000226,E54000048
E38000227,E54000048
E38000228,E54000048
E38000229,E54000012
E38000230,E54000037
E38000231,E54000040
E38000232,E54000054
E38000233,E54000008
E38000234,E54000050
E38000235,E54000053
E38000236,E54000019
E38000237,E54000032
E38000238,E54000013
E38000239,E54000022
E38000240,E54000028
E38000241,E54000051
E38000242,E54000020
E38000243,E54000014
E38000244,E54000030
E38000245,E54000031
E38000246,E54000052
E38000247,E54000050
E38000248,E54000053
E38000249,E54000024
E38000250,E54000016
E38000251,E54000018
E38000252,E54000034
E38000253,E54000042
E38000254,E54000054
E38000255,E54000029
E38000256,E54000027
E38000257,E54000011
