PCD,PCT,ordering
AB10,PCT0004,1
AB11,PCT0004,2
AB12,PCT0004,3
AB13,PCT0875,4
AB14,PCT0995,5
AB15,PCT0004,6
AB16,PCT0004,7
AB21,PCT0004,8
AB22,PCT0004,9
AB23,PCT0004,10
AB24,PCT0004,11
AB25,PCT0004,12
AB30,PCT0730,13
AB31,PCT0086,14
AB32,PCT1365,15
AB33,PCT0020,16
AB34,PCT0011,17
AB35,PCT0076,18
AB36,PCT1215,19
AB37,PCT0077,20
AB38,PCT0008,21
AB39,PCT1204,22
AB41,PCT0449,23
AB42,PCT0996,24
AB43,PCT0495,25
AB44,PCT0829,26
AB45,PCT0087,27
AB51,PCT0644,28
AB52,PCT0638,29
AB53,PCT1296,30
AB54,PCT0628,31
AB55,PCT0675,32
AB56,PCT0224,33
AL1,PCT1174,34
AL2,PCT1174,35
AL3,PCT1174,36
AL4,PCT1174,37
AL5,PCT0558,38
AL6,PCT1347,39
AL7,PCT1348,40
AL8,PCT1348,41
AL9,PCT0566,42
AL10,PCT0566,43
B1,PCT0152,44
B2,PCT0152,45
B3,PCT0152,46
B4,PCT0152,47
B5,PCT0152,48
B6,PCT0152,49
B7,PCT0152,50
B8,PCT0152,51
B9,PCT0152,52
B10,PCT0152,53
B11,PCT0152,54
B12,PCT0152,55
B13,PCT0152,56
B14,PCT0152,57
B15,PCT0152,58
B16,PCT0152,59
B17,PCT0152,60
B18,PCT0152,61
B19,PCT0152,62
B20,PCT0152,63
B21,PCT0152,64
B23,PCT0152,65
B24,PCT0152,66
B25,PCT0152,67
B26,PCT0152,68
B27,PCT0152,69
B28,PCT0152,70
B29,PCT0152,71
B30,PCT0152,72
B31,PCT0152,73
B32,PCT0152,74
B33,PCT0152,75
B34,PCT0152,76
B35,PCT0152,77
B36,PCT0152,78
B37,PCT0152,79
B38,PCT0152,80
B40,PCT0152,81
B42,PCT0152,82
B43,PCT0152,83
B44,PCT0152,84
B45,PCT0152,85
B46,PCT0152,86
B47,PCT0152,87
B48,PCT0152,88
B49,PCT0017,89
B50,PCT0017,90
B60,PCT0212,91
B61,PCT0212,92
B62,PCT0547,93
B63,PCT0547,94
B64,PCT0346,95
B65,PCT1080,96
B66,PCT1148,97
B67,PCT1148,98
B68,PCT0956,99
B69,PCT0956,100
B70,PCT1351,101
B71,PCT1351,102
B72,PCT1228,103
B73,PCT1228,104
B74,PCT1228,105
B75,PCT1228,106
B76,PCT1228,107
B77,PCT1244,108
B78,PCT1244,109
B79,PCT1244,110
B80,PCT1221,111
B90,PCT1149,112
B91,PCT1149,113
B92,PCT1149,114
B93,PCT1149,115
B94,PCT1149,116
B95,PCT0584,117
B96,PCT1049,118
B97,PCT1049,119
B98,PCT1049,120
BA1,PCT0107,121
BA2,PCT0107,122
BA3,PCT1042,123
BA4,PCT1129,124
BA5,PCT1344,125
BA6,PCT0514,126
BA7,PCT0272,127
BA8,PCT1254,128
BA9,PCT1386,129
BA10,PCT0220,130
BA11,PCT0500,131
BA12,PCT1331,132
BA13,PCT1360,133
BA14,PCT1293,134
BA15,PCT0186,135
BA16,PCT1217,136
BA20,PCT1425,137
BA21,PCT1425,138
BA22,PCT1425,139
BB1,PCT0157,140
BB2,PCT0157,141
BB3,PCT0382,142
BB4,PCT1076,143
BB5,PCT0012,144
BB6,PCT0157,145
BB7,PCT0315,146
BB8,PCT0327,147
BB9,PCT0905,148
BB10,PCT0234,149
BB11,PCT0234,150
BB12,PCT0234,151
BB18,PCT0098,152
BD1,PCT0185,153
BD2,PCT0185,154
BD3,PCT0185,155
BD4,PCT0185,156
BD5,PCT0185,157
BD6,PCT0185,158
BD7,PCT0185,159
BD8,PCT0185,160
BD9,PCT0185,161
BD10,PCT0185,162
BD11,PCT0185,163
BD12,PCT0185,164
BD13,PCT0185,165
BD14,PCT0185,166
BD15,PCT0185,167
BD16,PCT0149,168
BD17,PCT1135,169
BD18,PCT1135,170
BD19,PCT0312,171
BD20,PCT0674,172
BD21,PCT0674,173
BD22,PCT0674,174
BD23,PCT1145,175
BD24,PCT1121,176
BH1,PCT0182,177
BH2,PCT0182,178
BH3,PCT0182,179
BH4,PCT0182,180
BH5,PCT0182,181
BH6,PCT0182,182
BH7,PCT0182,183
BH8,PCT0182,184
BH9,PCT0182,185
BH10,PCT0182,186
BH11,PCT0182,187
BH12,PCT1012,188
BH13,PCT1012,189
BH14,PCT1012,190
BH15,PCT1012,191
BH16,PCT1012,192
BH17,PCT1012,193
BH18,PCT0208,194
BH19,PCT1232,195
BH20,PCT1329,196
BH21,PCT1385,197
BH22,PCT0477,198
BH23,PCT0304,199
BH24,PCT1062,200
BH25,PCT0909,201
BH31,PCT1311,202
BL0,PCT0239,203
BL1,PCT0171,204
BL2,PCT0171,205
BL3,PCT0171,206
BL4,PCT0171,207
BL5,PCT0171,208
BL6,PCT0171,209
BL7,PCT0171,210
BL8,PCT0239,211
BL9,PCT0239,212
BN1,PCT0204,213
BN2,PCT0204,214
BN3,PCT0621,215
BN5,PCT0582,216
BN6,PCT0564,217
BN7,PCT0746,218
BN8,PCT0746,219
BN9,PCT0923,220
BN10,PCT0976,221
BN11,PCT1415,222
BN12,PCT1415,223
BN13,PCT1415,224
BN14,PCT1415,225
BN15,PCT0719,226
BN16,PCT0761,227
BN17,PCT0761,228
BN18,PCT0047,229
BN20,PCT0437,230
BN21,PCT0437,231
BN22,PCT0437,232
BN23,PCT0437,233
BN24,PCT1000,234
BN25,PCT1112,235
BN26,PCT1007,236
BN27,PCT0546,237
BN41,PCT0204,238
BN42,PCT0204,239
BN43,PCT1137,240
BN44,PCT1195,241
BN45,PCT0204,242
BR1,PCT0211,243
BR2,PCT0679,244
BR3,PCT0117,245
BR4,PCT1358,246
BR5,PCT0963,247
BR6,PCT0963,248
BR7,PCT0301,249
BR8,PCT1233,250
BS1,PCT0205,251
BS2,PCT0205,252
BS3,PCT0205,253
BS4,PCT0205,254
BS5,PCT0205,255
BS6,PCT0205,256
BS7,PCT0205,257
BS8,PCT0205,258
BS9,PCT0205,259
BS10,PCT0205,260
BS11,PCT0205,261
BS13,PCT0205,262
BS14,PCT0205,263
BS15,PCT0205,264
BS16,PCT0205,265
BS20,PCT0205,266
BS21,PCT0314,267
BS22,PCT1366,268
BS23,PCT1366,269
BS24,PCT1366,270
BS25,PCT1394,271
BS26,PCT0064,272
BS27,PCT0285,273
BS28,PCT1339,274
BS29,PCT0091,275
BS30,PCT0205,276
BS31,PCT0205,277
BS32,PCT0205,278
BS34,PCT0205,279
BS35,PCT0205,280
BS36,PCT0205,281
BS37,PCT0205,282
BS39,PCT0205,283
BS40,PCT0205,284
BS41,PCT0205,285
BS48,PCT0205,286
BS49,PCT0205,287
BT1,PCT0123,288
BT2,PCT0123,289
BT3,PCT0123,290
BT4,PCT0123,291
BT5,PCT0123,292
BT6,PCT0123,293
BT7,PCT0123,294
BT8,PCT0123,295
BT9,PCT0123,296
BT10,PCT0123,297
BT11,PCT0123,298
BT12,PCT0123,299
BT13,PCT0123,300
BT14,PCT0123,301
BT15,PCT0123,302
BT16,PCT0123,303
BT17,PCT0123,304
BT18,PCT0610,305
BT19,PCT0088,306
BT20,PCT0088,307
BT21,PCT0400,308
BT22,PCT0940,309
BT23,PCT0940,310
BT24,PCT0082,311
BT25,PCT0411,312
BT26,PCT0597,313
BT27,PCT0757,314
BT28,PCT0757,315
BT29,PCT0365,316
BT30,PCT0408,317
BT31,PCT0275,318
BT32,PCT0084,319
BT33,PCT0917,320
BT34,PCT0932,321
BT35,PCT0931,322
BT36,PCT0939,323
BT37,PCT0939,324
BT38,PCT0269,325
BT39,PCT0079,326
BT40,PCT0725,327
BT41,PCT0036,328
BT42,PCT0080,329
BT43,PCT0080,330
BT44,PCT0080,331
BT45,PCT0833,332
BT46,PCT0832,333
BT47,PCT0806,334
BT48,PCT0806,335
BT49,PCT0752,336
BT51,PCT0325,337
BT52,PCT0325,338
BT53,PCT0081,339
BT54,PCT0078,340
BT55,PCT1023,341
BT56,PCT1021,342
BT57,PCT0242,343
BT60,PCT0044,344
BT61,PCT0044,345
BT62,PCT0347,346
BT63,PCT0347,347
BT64,PCT0347,348
BT65,PCT0347,349
BT66,PCT0347,350
BT67,PCT0347,351
BT68,PCT0248,352
BT69,PCT0061,353
BT70,PCT0424,354
BT71,PCT0424,355
BT74,PCT0453,356
BT75,PCT0481,357
BT76,PCT0316,358
BT77,PCT0060,359
BT78,PCT0959,360
BT79,PCT0959,361
BT80,PCT0333,362
BT81,PCT0274,363
BT82,PCT1210,364
BT92,PCT0453,365
BT93,PCT0453,366
BT94,PCT0453,367
CA1,PCT0263,368
CA2,PCT0263,369
CA3,PCT0263,370
CA4,PCT0263,371
CA5,PCT0263,372
CA6,PCT0263,373
CA7,PCT1382,374
CA8,PCT0263,375
CA9,PCT0025,376
CA10,PCT0985,377
CA11,PCT0985,378
CA12,PCT0680,379
CA13,PCT0322,380
CA14,PCT1413,381
CA15,PCT0856,382
CA16,PCT0038,383
CA17,PCT0701,384
CA18,PCT1045,385
CA19,PCT0605,386
CA20,PCT1115,387
CA21,PCT0118,388
CA22,PCT0444,389
CA23,PCT0310,390
CA24,PCT0889,391
CA25,PCT0311,392
CA26,PCT0498,393
CA27,PCT1177,394
CA28,PCT1373,395
CB1,PCT0254,396
CB2,PCT0254,397
CB3,PCT0254,398
CB4,PCT0254,399
CB5,PCT0254,400
CB6,PCT0450,401
CB7,PCT0450,402
CB8,PCT0924,403
CB9,PCT0568,404
CB10,PCT1093,405
CB11,PCT1093,406
CB21,PCT0254,407
CB22,PCT0254,408
CB23,PCT0254,409
CB24,PCT0254,410
CB25,PCT0254,411
CF3,PCT0261,412
CF5,PCT0261,413
CF10,PCT0261,414
CF11,PCT0261,415
CF14,PCT0261,416
CF15,PCT0261,417
CF23,PCT0261,418
CF24,PCT0261,419
CF31,PCT0196,420
CF32,PCT0196,421
CF33,PCT0196,422
CF34,PCT0831,423
CF35,PCT0196,424
CF36,PCT1017,425
CF37,PCT1011,426
CF38,PCT1011,427
CF39,PCT1016,428
CF40,PCT1278,429
CF41,PCT0988,430
CF42,PCT1289,431
CF43,PCT0476,432
CF44,PCT0003,433
CF45,PCT0895,434
CF46,PCT1288,435
CF47,PCT0868,436
CF48,PCT0868,437
CF61,PCT0785,438
CF62,PCT0103,439
CF63,PCT0103,440
CF64,PCT0980,441
CF71,PCT0344,442
CF72,PCT1009,443
CF81,PCT0092,444
CF82,PCT0583,445
CF83,PCT0245,446
CH1,PCT0292,447
CH2,PCT0292,448
CH3,PCT0292,449
CH4,PCT0292,450
CH5,PCT0386,451
CH6,PCT0484,452
CH7,PCT0884,453
CH8,PCT0609,454
CH41,PCT0151,455
CH42,PCT0151,456
CH43,PCT1026,457
CH44,PCT1317,458
CH45,PCT1317,459
CH46,PCT1396,460
CH47,PCT1396,461
CH48,PCT1396,462
CH49,PCT1396,463
CH60,PCT1396,464
CH61,PCT1396,465
CH62,PCT1396,466
CH63,PCT1396,467
CH64,PCT0906,468
CH65,PCT0448,469
CH66,PCT0448,470
CM0,PCT1162,471
CM1,PCT0286,472
CM2,PCT0286,473
CM3,PCT0286,474
CM4,PCT0636,475
CM5,PCT0960,476
CM6,PCT0426,477
CM7,PCT0426,478
CM8,PCT1399,479
CM9,PCT0836,480
CM11,PCT0145,481
CM12,PCT0145,482
CM13,PCT0193,483
CM14,PCT0193,484
CM15,PCT0193,485
CM16,PCT0454,486
CM17,PCT0557,487
CM18,PCT0557,488
CM19,PCT0557,489
CM20,PCT0557,490
CM21,PCT1108,491
CM22,PCT0154,492
CM23,PCT0154,493
CM24,PCT1192,494
CM77,PCT0187,495
CO1,PCT0323,496
CO2,PCT0323,497
CO3,PCT0323,498
CO4,PCT0323,499
CO5,PCT0323,500
CO6,PCT0323,501
CO7,PCT0323,502
CO8,PCT0231,503
CO9,PCT0551,504
CO10,PCT1223,505
CO11,PCT0843,506
CO12,PCT0563,507
CO13,PCT0497,508
CO14,PCT1325,509
CO15,PCT0308,510
CO16,PCT0308,511
CR0,PCT0364,512
CR2,PCT1152,513
CR3,PCT0276,514
CR4,PCT0881,515
CR5,PCT0340,516
CR6,PCT1330,517
CR7,PCT1266,518
CR8,PCT1038,519
CT1,PCT0259,520
CT2,PCT0259,521
CT3,PCT0259,522
CT4,PCT0259,523
CT5,PCT1376,524
CT6,PCT0589,525
CT7,PCT0150,526
CT8,PCT1364,527
CT9,PCT0847,528
CT10,PCT0207,529
CT11,PCT1044,530
CT12,PCT1044,531
CT13,PCT1104,532
CT14,PCT0385,533
CT15,PCT0406,534
CT16,PCT0406,535
CT17,PCT0406,536
CT18,PCT0486,537
CT19,PCT0486,538
CT20,PCT0486,539
CT21,PCT0630,540
CV1,PCT0341,541
CV2,PCT0341,542
CV3,PCT0341,543
CV4,PCT0341,544
CV5,PCT0341,545
CV6,PCT0341,546
CV7,PCT0342,547
CV8,PCT0343,548
CV9,PCT0057,549
CV10,PCT0952,550
CV11,PCT0952,551
CV12,PCT0121,552
CV13,PCT0952,553
CV21,PCT1084,554
CV22,PCT1084,555
CV23,PCT1084,556
CV31,PCT0731,557
CV32,PCT0731,558
CV33,PCT0731,559
CV34,PCT1333,560
CV35,PCT1333,561
CV36,PCT1136,562
CV37,PCT1212,563
CV47,PCT1159,564
CW1,PCT0353,565
CW2,PCT0353,566
CW3,PCT0353,567
CW4,PCT0353,568
CW5,PCT0902,569
CW6,PCT1246,570
CW7,PCT1395,571
CW8,PCT0948,572
CW9,PCT0948,573
CW10,PCT0871,574
CW11,PCT1101,575
CW12,PCT0330,576
DA1,PCT0379,577
DA2,PCT0379,578
DA3,PCT0807,579
DA4,PCT0379,580
DA5,PCT0139,581
DA6,PCT0140,582
DA7,PCT1341,583
DA8,PCT0456,584
DA9,PCT0537,585
DA10,PCT1234,586
DA11,PCT0532,587
DA12,PCT0532,588
DA13,PCT0532,589
DA14,PCT1140,590
DA15,PCT1140,591
DA16,PCT1341,592
DA17,PCT0127,593
DA18,PCT0456,594
DD1,PCT0422,595
DD2,PCT0422,596
DD3,PCT0422,597
DD4,PCT0422,598
DD5,PCT0422,599
DD6,PCT1250,600
DD7,PCT0267,601
DD8,PCT0708,602
DD9,PCT0190,603
DD10,PCT0888,604
DD11,PCT0039,605
DE1,PCT0390,606
DE3,PCT0390,607
DE4,PCT0857,608
DE5,PCT1063,609
DE6,PCT0049,610
DE7,PCT0632,611
DE11,PCT1230,612
DE12,PCT1230,613
DE13,PCT0238,614
DE14,PCT0238,615
DE15,PCT0238,616
DE21,PCT0390,617
DE22,PCT0390,618
DE23,PCT0390,619
DE24,PCT0390,620
DE45,PCT0072,621
DE55,PCT0022,622
DE56,PCT0126,623
DE65,PCT0390,624
DE72,PCT0390,625
DE73,PCT0390,626
DE74,PCT0390,627
DE75,PCT0573,628
DG1,PCT0418,629
DG2,PCT0418,630
DG3,PCT1265,631
DG4,PCT1106,632
DG5,PCT0372,633
DG6,PCT0704,634
DG7,PCT0273,635
DG8,PCT0935,636
DG9,PCT1211,637
DG10,PCT0883,638
DG11,PCT0797,639
DG12,PCT0034,640
DG13,PCT0720,641
DG14,PCT0258,642
DG16,PCT0539,643
DH1,PCT0430,644
DH2,PCT0293,645
DH3,PCT0293,646
DH4,PCT0619,647
DH5,PCT0619,648
DH6,PCT0430,649
DH7,PCT0430,650
DH8,PCT1190,651
DH9,PCT1190,652
DL1,PCT0378,653
DL2,PCT0378,654
DL3,PCT0378,655
DL4,PCT1134,656
DL5,PCT0934,657
DL6,PCT0945,658
DL7,PCT0945,659
DL8,PCT0747,660
DL9,PCT0277,661
DL10,PCT1058,662
DL11,PCT1058,663
DL12,PCT0095,664
DL13,PCT0153,665
DL14,PCT0153,666
DL15,PCT0361,667
DL16,PCT1170,668
DL17,PCT0478,669
DN1,PCT0401,670
DN2,PCT0401,671
DN3,PCT0401,672
DN4,PCT0401,673
DN5,PCT0401,674
DN6,PCT0401,675
DN7,PCT0401,676
DN8,PCT0401,677
DN9,PCT0401,678
DN10,PCT0401,679
DN11,PCT0401,680
DN12,PCT0401,681
DN14,PCT0524,682
DN15,PCT1111,683
DN16,PCT1111,684
DN17,PCT1111,685
DN18,PCT0104,686
DN19,PCT0102,687
DN20,PCT0202,688
DN21,PCT0502,689
DN22,PCT1054,690
DN31,PCT0540,691
DN32,PCT0540,692
DN33,PCT0540,693
DN34,PCT0540,694
DN35,PCT0313,695
DN36,PCT0540,696
DN37,PCT0540,697
DN38,PCT0097,698
DN39,PCT1302,699
DN40,PCT0635,700
DN41,PCT0540,701
DT1,PCT0402,702
DT2,PCT0402,703
DT3,PCT1369,704
DT4,PCT1369,705
DT5,PCT1019,706
DT6,PCT0200,707
DT7,PCT0821,708
DT8,PCT0112,709
DT9,PCT1130,710
DT10,PCT1222,711
DT11,PCT0162,712
DY1,PCT0413,713
DY2,PCT0413,714
DY3,PCT0413,715
DY4,PCT1274,716
DY5,PCT0201,717
DY6,PCT0696,718
DY7,PCT1207,719
DY8,PCT1207,720
DY9,PCT1207,721
DY10,PCT0682,722
DY11,PCT0682,723
DY12,PCT0137,724
DY13,PCT1208,725
DY14,PCT0682,726
E1,PCT0798,727
E1W,PCT0798,728
E2,PCT0798,729
E3,PCT0798,730
E4,PCT0798,731
E5,PCT0798,732
E6,PCT0798,733
E7,PCT0798,734
E8,PCT0798,735
E9,PCT0798,736
E10,PCT0798,737
E11,PCT0798,738
E12,PCT0798,739
E13,PCT0798,740
E14,PCT0798,741
E15,PCT0798,742
E16,PCT0798,743
E17,PCT0798,744
E18,PCT0798,745
E20,PCT0798,746
EC1A,PCT0799,747
EC1M,PCT0799,748
EC1N,PCT0799,749
EC1R,PCT0799,750
EC1V,PCT0799,751
EC1Y,PCT0799,752
EC2A,PCT0799,753
EC2M,PCT0799,754
EC2V,PCT0799,755
EC2Y,PCT0799,756
EC3N,PCT0799,757
EC3R,PCT0799,758
EC4A,PCT0799,759
EC4M,PCT0799,760
EC4V,PCT0799,761
EC4Y,PCT0799,762
EH1,PCT0442,763
EH2,PCT0442,764
EH3,PCT0442,765
EH4,PCT0442,766
EH5,PCT0442,767
EH6,PCT0442,768
EH7,PCT0442,769
EH8,PCT0442,770
EH9,PCT0442,771
EH10,PCT0442,772
EH11,PCT0442,773
EH12,PCT0442,774
EH13,PCT0442,775
EH14,PCT0673,776
EH15,PCT0442,777
EH16,PCT0442,778
EH17,PCT0442,779
EH18,PCT0726,780
EH19,PCT0174,781
EH20,PCT0791,782
EH21,PCT0900,783
EH22,PCT0373,784
EH23,PCT0526,785
EH24,PCT1073,786
EH25,PCT1074,787
EH26,PCT0982,788
EH27,PCT0706,789
EH28,PCT0915,790
EH29,PCT0705,791
EH30,PCT1156,792
EH31,PCT0543,793
EH32,PCT1031,794
EH33,PCT1285,795
EH34,PCT1285,796
EH35,PCT1285,797
EH36,PCT0624,798
EH37,PCT0974,799
EH38,PCT0588,800
EH39,PCT0942,801
EH40,PCT0435,802
EH41,PCT0545,803
EH42,PCT0419,804
EH43,PCT1316,805
EH44,PCT0637,806
EH45,PCT0977,807
EH46,PCT1355,808
EH47,PCT0108,809
EH48,PCT0108,810
EH49,PCT0755,811
EH51,PCT0165,812
EH52,PCT0219,813
EH53,PCT0764,814
EH54,PCT0764,815
EH55,PCT1353,816
EN1,PCT0452,817
EN2,PCT0452,818
EN3,PCT0452,819
EN4,PCT0096,820
EN5,PCT0096,821
EN6,PCT1024,822
EN7,PCT1324,823
EN8,PCT1324,824
EN9,PCT1323,825
EN10,PCT0218,826
EN11,PCT0603,827
EX1,PCT0461,828
EX2,PCT0461,829
EX3,PCT0461,830
EX4,PCT0461,831
EX5,PCT0461,832
EX6,PCT0461,833
EX7,PCT0384,834
EX8,PCT0462,835
EX9,PCT0227,836
EX10,PCT1141,837
EX11,PCT0967,838
EX12,PCT1116,839
EX13,PCT0065,840
EX14,PCT0611,841
EX15,PCT0367,842
EX16,PCT1275,843
EX17,PCT0352,844
EX18,PCT0305,845
EX19,PCT1393,846
EX20,PCT0955,847
EX21,PCT0115,848
EX22,PCT0606,849
EX23,PCT0226,850
EX24,PCT0329,851
EX31,PCT0100,852
EX32,PCT0100,853
EX33,PCT0189,854
EX34,PCT1409,855
EX35,PCT0825,856
EX36,PCT1153,857
EX37,PCT1305,858
EX38,PCT1281,859
EX39,PCT0142,860
FK1,PCT0467,861
FK2,PCT0467,862
FK3,PCT0529,863
FK4,PCT0173,864
FK5,PCT0722,865
FK6,PCT0389,866
FK7,PCT1196,867
FK8,PCT1196,868
FK9,PCT1196,869
FK10,PCT0307,870
FK11,PCT0866,871
FK12,PCT0028,872
FK13,PCT1272,873
FK14,PCT0398,874
FK15,PCT0421,875
FK16,PCT0405,876
FK17,PCT0249,877
FK18,PCT0249,878
FK19,PCT0793,879
FK20,PCT0355,880
FK21,PCT0687,881
FY1,PCT0158,882
FY2,PCT0158,883
FY3,PCT0158,884
FY4,PCT0158,885
FY5,PCT1267,886
FY6,PCT1025,887
FY7,PCT0483,888
FY8,PCT0826,889
G1,PCT0513,890
G2,PCT0513,891
G3,PCT0513,892
G4,PCT0513,893
G5,PCT0513,894
G11,PCT0513,895
G12,PCT0513,896
G13,PCT0513,897
G14,PCT0513,898
G15,PCT0513,899
G20,PCT0513,900
G21,PCT0513,901
G22,PCT0513,902
G23,PCT0513,903
G31,PCT0513,904
G32,PCT0513,905
G33,PCT0513,906
G34,PCT0513,907
G40,PCT0513,908
G41,PCT0513,909
G42,PCT0513,910
G43,PCT0513,911
G44,PCT0513,912
G45,PCT0513,913
G46,PCT0513,914
G51,PCT0513,915
G52,PCT0513,916
G53,PCT0513,917
G60,PCT0513,918
G61,PCT0513,919
G62,PCT0513,920
G63,PCT0513,921
G64,PCT0513,922
G65,PCT0513,923
G66,PCT0513,924
G67,PCT0513,925
G68,PCT0513,926
G69,PCT0513,927
G71,PCT0513,928
G72,PCT0513,929
G73,PCT0513,930
G74,PCT0513,931
G75,PCT0513,932
G76,PCT0513,933
G77,PCT0513,934
G78,PCT0513,935
G81,PCT0317,936
G82,PCT0417,937
G83,PCT0045,938
G84,PCT0578,939
GL1,PCT0519,940
GL2,PCT0519,941
GL3,PCT0519,942
GL4,PCT0519,943
GL5,PCT1220,944
GL6,PCT1220,945
GL7,PCT0733,946
GL8,PCT1258,947
GL9,PCT0070,948
GL10,PCT1205,949
GL11,PCT1416,950
GL12,PCT1416,951
GL13,PCT0130,952
GL14,PCT1361,953
GL15,PCT0820,954
GL16,PCT0324,955
GL17,PCT1083,956
GL18,PCT0922,957
GL19,PCT0519,958
GL20,PCT1259,959
GL50,PCT0287,960
GL51,PCT0287,961
GL52,PCT0287,962
GL53,PCT0287,963
GL54,PCT0287,964
GL55,PCT0299,965
GL56,PCT0892,966
GU1,PCT0541,967
GU2,PCT0541,968
GU3,PCT0541,969
GU4,PCT0541,970
GU5,PCT0541,971
GU6,PCT0350,972
GU7,PCT0520,973
GU8,PCT0520,974
GU9,PCT0472,975
GU10,PCT0472,976
GU11,PCT0019,977
GU12,PCT0019,978
GU14,PCT0471,979
GU15,PCT0252,980
GU16,PCT0252,981
GU17,PCT0252,982
GU18,PCT0751,983
GU19,PCT0071,984
GU20,PCT1390,985
GU21,PCT1402,986
GU22,PCT1402,987
GU23,PCT1402,988
GU24,PCT1402,989
GU25,PCT1312,990
GU26,PCT0599,991
GU27,PCT0599,992
GU28,PCT0999,993
GU29,PCT0872,994
GU30,PCT0756,995
GU31,PCT0998,996
GU32,PCT0998,997
GU33,PCT0759,998
GU34,PCT0026,999
GU35,PCT0176,1000
GU46,PCT1423,1001
GU47,PCT1102,1002
GU51,PCT0482,1003
GU52,PCT0482,1004
HA0,PCT1349,1005
HA1,PCT0560,1006
HA2,PCT0560,1007
HA3,PCT0560,1008
HA4,PCT1086,1009
HA5,PCT1003,1010
HA6,PCT0949,1011
HA7,PCT1191,1012
HA8,PCT0441,1013
HA9,PCT1349,1014
HD1,PCT0622,1015
HD2,PCT0622,1016
HD3,PCT0622,1017
HD4,PCT0622,1018
HD5,PCT0622,1019
HD6,PCT0203,1020
HD7,PCT0622,1021
HD8,PCT0622,1022
HD9,PCT0604,1023
HG1,PCT0559,1024
HG2,PCT0559,1025
HG3,PCT0559,1026
HG4,PCT1064,1027
HG5,PCT0709,1028
HP1,PCT0581,1029
HP2,PCT0581,1030
HP3,PCT0581,1031
HP4,PCT0131,1032
HP5,PCT0290,1033
HP6,PCT0030,1034
HP7,PCT0030,1035
HP8,PCT0279,1036
HP9,PCT0111,1037
HP10,PCT0595,1038
HP11,PCT0595,1039
HP12,PCT0595,1040
HP13,PCT0595,1041
HP14,PCT0595,1042
HP15,PCT0595,1043
HP16,PCT0534,1044
HP17,PCT0066,1045
HP18,PCT0066,1046
HP19,PCT0066,1047
HP20,PCT0066,1048
HP21,PCT0066,1049
HP22,PCT1033,1050
HP23,PCT1291,1051
HP27,PCT1033,1052
HR1,PCT0587,1053
HR2,PCT0587,1054
HR3,PCT0587,1055
HR4,PCT0587,1056
HR5,PCT0697,1057
HR6,PCT0743,1058
HR7,PCT0213,1059
HR8,PCT0734,1060
HR9,PCT1075,1061
HS1,PCT1206,1062
HS2,PCT0657,1063
HS3,PCT0653,1064
HS4,PCT0660,1065
HS5,PCT0653,1066
HS6,PCT0659,1067
HS7,PCT0648,1068
HS8,PCT0662,1069
HS9,PCT0647,1070
HU1,PCT0623,1071
HU2,PCT0623,1072
HU3,PCT0623,1073
HU4,PCT0623,1074
HU5,PCT0623,1075
HU6,PCT0623,1076
HU7,PCT0623,1077
HU8,PCT0623,1078
HU9,PCT0623,1079
HU10,PCT0623,1080
HU11,PCT0623,1081
HU12,PCT0623,1082
HU13,PCT0591,1083
HU14,PCT0943,1084
HU15,PCT0216,1085
HU16,PCT0339,1086
HU17,PCT0136,1087
HU18,PCT0617,1088
HU19,PCT1400,1089
HU20,PCT0339,1090
HX1,PCT0549,1091
HX2,PCT0549,1092
HX3,PCT0549,1093
HX4,PCT0549,1094
HX5,PCT0446,1095
HX6,PCT1167,1096
HX7,PCT0576,1097
IG1,PCT0631,1098
IG2,PCT0631,1099
IG3,PCT0631,1100
IG4,PCT0631,1101
IG5,PCT0631,1102
IG6,PCT0631,1103
IG7,PCT0296,1104
IG8,PCT1406,1105
IG9,PCT0223,1106
IG10,PCT0812,1107
IG11,PCT0093,1108
IP1,PCT0645,1109
IP2,PCT0645,1110
IP3,PCT0645,1111
IP4,PCT0645,1112
IP5,PCT0645,1113
IP6,PCT0645,1114
IP7,PCT0645,1115
IP8,PCT0645,1116
IP9,PCT0645,1117
IP10,PCT0645,1118
IP11,PCT0474,1119
IP12,PCT1405,1120
IP13,PCT1405,1121
IP14,PCT1209,1122
IP15,PCT0018,1123
IP16,PCT0742,1124
IP17,PCT1109,1125
IP18,PCT1166,1126
IP19,PCT0548,1127
IP20,PCT0556,1128
IP21,PCT0463,1129
IP22,PCT0396,1130
IP23,PCT0463,1131
IP24,PCT1263,1132
IP25,PCT1263,1133
IP26,PCT1263,1134
IP27,PCT0188,1135
IP28,PCT0240,1136
IP29,PCT0240,1137
IP30,PCT0240,1138
IP31,PCT0240,1139
IP32,PCT0240,1140
IP33,PCT0240,1141
IV1,PCT0643,1142
IV2,PCT0643,1143
IV3,PCT0643,1144
IV4,PCT0113,1145
IV5,PCT0643,1146
IV6,PCT0898,1147
IV7,PCT0395,1148
IV8,PCT0899,1149
IV9,PCT0063,1150
IV10,PCT0493,1151
IV11,PCT0359,1152
IV12,PCT0901,1153
IV13,PCT0643,1154
IV14,PCT1216,1155
IV15,PCT0395,1156
IV16,PCT0395,1157
IV17,PCT0023,1158
IV18,PCT0641,1159
IV19,PCT1240,1160
IV20,PCT1240,1161
IV21,PCT0503,1162
IV22,PCT0014,1163
IV23,PCT0507,1164
IV24,PCT0040,1165
IV25,PCT0404,1166
IV26,PCT1303,1167
IV27,PCT0715,1168
IV28,PCT1069,1169
IV30,PCT0445,1170
IV31,PCT0809,1171
IV32,PCT0485,1172
IV36,PCT0489,1173
IV40,PCT0714,1174
IV41,PCT0661,1175
IV42,PCT0661,1176
IV43,PCT0661,1177
IV44,PCT0661,1178
IV45,PCT0661,1179
IV46,PCT0661,1180
IV47,PCT0661,1181
IV48,PCT0661,1182
IV49,PCT0661,1183
IV51,PCT1020,1184
IV52,PCT1005,1185
IV53,PCT1218,1186
IV54,PCT1214,1187
IV55,PCT0661,1188
IV56,PCT0661,1189
IV63,PCT0643,1190
KA1,PCT0689,1191
KA2,PCT0689,1192
KA3,PCT0689,1193
KA4,PCT0505,1194
KA5,PCT0858,1195
KA6,PCT0975,1196
KA7,PCT0068,1197
KA8,PCT0068,1198
KA9,PCT1032,1199
KA10,PCT1292,1200
KA11,PCT1172,1201
KA12,PCT0646,1202
KA13,PCT0690,1203
KA14,PCT0122,1204
KA15,PCT0122,1205
KA16,PCT0925,1206
KA17,PCT0381,1207
KA18,PCT0368,1208
KA19,PCT0859,1209
KA20,PCT1194,1210
KA21,PCT1100,1211
KA22,PCT0041,1212
KA23,PCT1359,1213
KA24,PCT0375,1214
KA25,PCT0685,1215
KA26,PCT0512,1216
KA27,PCT0664,1217
KA28,PCT0665,1218
KA29,PCT0723,1219
KA30,PCT0723,1220
KT1,PCT0695,1221
KT2,PCT0695,1222
KT3,PCT0908,1223
KT4,PCT1412,1224
KT5,PCT1226,1225
KT6,PCT1226,1226
KT7,PCT1261,1227
KT8,PCT1357,1228
KT9,PCT0291,1229
KT10,PCT0458,1230
KT11,PCT0320,1231
KT12,PCT1326,1232
KT13,PCT1368,1233
KT14,PCT1352,1234
KT15,PCT0015,1235
KT16,PCT0289,1236
KT17,PCT0455,1237
KT18,PCT0455,1238
KT19,PCT0455,1239
KT20,PCT1239,1240
KT21,PCT0054,1241
KT22,PCT0732,1242
KT23,PCT0732,1243
KT24,PCT0732,1244
KW1,PCT1377,1245
KW2,PCT0818,1246
KW3,PCT0818,1247
KW5,PCT0727,1248
KW6,PCT0420,1249
KW7,PCT0132,1250
KW8,PCT0579,1251
KW9,PCT0214,1252
KW10,PCT0522,1253
KW11,PCT0691,1254
KW12,PCT0550,1255
KW13,PCT0490,1256
KW14,PCT1268,1257
KW15,PCT0707,1258
KW16,PCT1219,1259
KW17,PCT0961,1260
KY1,PCT0703,1261
KY2,PCT0703,1262
KY3,PCT0235,1263
KY4,PCT0677,1264
KY5,PCT0794,1265
KY6,PCT0516,1266
KY7,PCT0516,1267
KY8,PCT0745,1268
KY9,PCT0745,1269
KY10,PCT0035,1270
KY11,PCT0642,1271
KY12,PCT0423,1272
KY13,PCT0700,1273
KY14,PCT0369,1274
KY15,PCT0369,1275
KY16,PCT1175,1276
L1,PCT0762,1277
L2,PCT0762,1278
L3,PCT0762,1279
L4,PCT0762,1280
L5,PCT0762,1281
L6,PCT0762,1282
L7,PCT0762,1283
L8,PCT0762,1284
L9,PCT0762,1285
L10,PCT0762,1286
L11,PCT0762,1287
L12,PCT0762,1288
L13,PCT0762,1289
L14,PCT0762,1290
L15,PCT0762,1291
L16,PCT0762,1292
L17,PCT0762,1293
L18,PCT0762,1294
L19,PCT0762,1295
L20,PCT0762,1296
L21,PCT0762,1297
L22,PCT0762,1298
L23,PCT0762,1299
L24,PCT0762,1300
L25,PCT0762,1301
L26,PCT0762,1302
L27,PCT0762,1303
L28,PCT0762,1304
L29,PCT0762,1305
L30,PCT0175,1306
L31,PCT0762,1307
L32,PCT0762,1308
L33,PCT0762,1309
L34,PCT1027,1310
L35,PCT1027,1311
L36,PCT0762,1312
L37,PCT0762,1313
L38,PCT0762,1314
L39,PCT0962,1315
L40,PCT0962,1316
L69,PCT0762,1317
LA1,PCT0718,1318
LA2,PCT0718,1319
LA3,PCT0891,1320
LA4,PCT0891,1321
LA5,PCT0266,1322
LA6,PCT0266,1323
LA7,PCT0876,1324
LA8,PCT0678,1325
LA9,PCT0678,1326
LA10,PCT1118,1327
LA11,PCT0528,1328
LA12,PCT1304,1329
LA13,PCT0101,1330
LA14,PCT0376,1331
LA15,PCT0376,1332
LA16,PCT0056,1333
LA17,PCT0702,1334
LA18,PCT0874,1335
LA19,PCT0874,1336
LA20,PCT0217,1337
LA21,PCT0331,1338
LA22,PCT0029,1339
LA23,PCT1389,1340
LD1,PCT0771,1341
LD2,PCT0228,1342
LD3,PCT0191,1343
LD4,PCT0780,1344
LD5,PCT0787,1345
LD6,PCT1055,1346
LD7,PCT0711,1347
LD8,PCT1029,1348
LE1,PCT0738,1349
LE2,PCT0738,1350
LE3,PCT0738,1351
LE4,PCT0738,1352
LE5,PCT0738,1353
LE6,PCT0738,1354
LE7,PCT0738,1355
LE8,PCT0738,1356
LE9,PCT0738,1357
LE10,PCT0598,1358
LE11,PCT0811,1359
LE12,PCT0811,1360
LE13,PCT0864,1361
LE14,PCT0864,1362
LE15,PCT0953,1363
LE16,PCT0850,1364
LE17,PCT0817,1365
LE18,PCT1381,1366
LE19,PCT0738,1367
LE65,PCT0050,1368
LE67,PCT0852,1369
LL11,PCT1417,1370
LL12,PCT1417,1371
LL13,PCT1417,1372
LL14,PCT1417,1373
LL15,PCT1089,1374
LL16,PCT0388,1375
LL17,PCT1176,1376
LL18,PCT1176,1377
LL19,PCT1028,1378
LL20,PCT0781,1379
LL21,PCT0338,1380
LL22,PCT0007,1381
LL23,PCT0073,1382
LL24,PCT0135,1383
LL25,PCT0399,1384
LL26,PCT0784,1385
LL27,PCT1287,1386
LL28,PCT0328,1387
LL29,PCT0328,1388
LL30,PCT0772,1389
LL31,PCT0773,1390
LL32,PCT0332,1391
LL33,PCT0777,1392
LL34,PCT0983,1393
LL35,PCT0005,1394
LL36,PCT1300,1395
LL37,PCT0790,1396
LL38,PCT0465,1397
LL39,PCT0046,1398
LL40,PCT0397,1399
LL41,PCT0160,1400
LL42,PCT0094,1401
LL43,PCT1242,1402
LL44,PCT0431,1403
LL45,PCT0766,1404
LL46,PCT0555,1405
LL47,PCT1241,1406
LL48,PCT0984,1407
LL49,PCT1018,1408
LL51,PCT0506,1409
LL52,PCT0356,1410
LL53,PCT1039,1411
LL54,PCT0244,1412
LL55,PCT0244,1413
LL56,PCT1420,1414
LL57,PCT0089,1415
LL58,PCT0114,1416
LL59,PCT0865,1417
LL60,PCT0501,1418
LL61,PCT0778,1419
LL62,PCT0168,1420
LL63,PCT1298,1421
LL64,PCT1057,1422
LL65,PCT0608,1423
LL66,PCT1056,1424
LL67,PCT0278,1425
LL68,PCT0031,1426
LL69,PCT0989,1427
LL70,PCT0415,1428
LL71,PCT0776,1429
LL72,PCT0882,1430
LL73,PCT0848,1431
LL74,PCT1299,1432
LL75,PCT0987,1433
LL76,PCT0767,1434
LL77,PCT1057,1435
LL78,PCT0221,1436
LN1,PCT0753,1437
LN2,PCT0753,1438
LN3,PCT0753,1439
LN4,PCT0753,1440
LN5,PCT0753,1441
LN6,PCT0753,1442
LN7,PCT0851,1443
LN8,PCT0851,1444
LN9,PCT0615,1445
LN10,PCT1407,1446
LN11,PCT0813,1447
LN12,PCT0827,1448
LN13,PCT0021,1449
LS1,PCT0736,1450
LS2,PCT0736,1451
LS3,PCT0736,1452
LS4,PCT0736,1453
LS5,PCT0736,1454
LS6,PCT0736,1455
LS7,PCT0736,1456
LS8,PCT0736,1457
LS9,PCT0736,1458
LS10,PCT0736,1459
LS11,PCT0736,1460
LS12,PCT0736,1461
LS13,PCT0736,1462
LS14,PCT0736,1463
LS15,PCT0736,1464
LS16,PCT0736,1465
LS17,PCT0736,1466
LS18,PCT0736,1467
LS19,PCT0736,1468
LS20,PCT0736,1469
LS21,PCT0966,1470
LS22,PCT1367,1471
LS23,PCT1367,1472
LS24,PCT1237,1473
LS25,PCT0736,1474
LS26,PCT0736,1475
LS27,PCT0736,1476
LS28,PCT1035,1477
LS29,PCT0633,1478
LU1,PCT0816,1479
LU2,PCT0816,1480
LU3,PCT0816,1481
LU4,PCT0816,1482
LU5,PCT0429,1483
LU6,PCT0429,1484
LU7,PCT0741,1485
M1,PCT0842,1486
M2,PCT0842,1487
M3,PCT1096,1488
M4,PCT0842,1489
M5,PCT1096,1490
M6,PCT1096,1491
M7,PCT1096,1492
M8,PCT0842,1493
M9,PCT0842,1494
M11,PCT0842,1495
M12,PCT0842,1496
M13,PCT0842,1497
M14,PCT0842,1498
M15,PCT0842,1499
M16,PCT0842,1500
M17,PCT0842,1501
M18,PCT0842,1502
M19,PCT0842,1503
M20,PCT0842,1504
M21,PCT0842,1505
M22,PCT0842,1506
M23,PCT0842,1507
M24,PCT0842,1508
M25,PCT0842,1509
M26,PCT0842,1510
M27,PCT0842,1511
M28,PCT0842,1512
M29,PCT0842,1513
M30,PCT0842,1514
M31,PCT0842,1515
M32,PCT0842,1516
M33,PCT1095,1517
M34,PCT0842,1518
M35,PCT0842,1519
M38,PCT0842,1520
M40,PCT0842,1521
M41,PCT0842,1522
M43,PCT0842,1523
M44,PCT0842,1524
M45,PCT0842,1525
M46,PCT0842,1526
M50,PCT1096,1527
M90,PCT0842,1528
ME1,PCT1067,1529
ME2,PCT1067,1530
ME3,PCT1067,1531
ME4,PCT0281,1532
ME5,PCT0281,1533
ME6,PCT1356,1534
ME7,PCT0510,1535
ME8,PCT0510,1536
ME9,PCT1142,1537
ME10,PCT1142,1538
ME11,PCT1040,1539
ME12,PCT1125,1540
ME13,PCT0473,1541
ME14,PCT0835,1542
ME15,PCT0835,1543
ME16,PCT0835,1544
ME17,PCT0835,1545
ME18,PCT0835,1546
ME19,PCT1356,1547
ME20,PCT0067,1548
MK1,PCT0877,1549
MK2,PCT0877,1550
MK3,PCT0877,1551
MK4,PCT0877,1552
MK5,PCT0877,1553
MK6,PCT0877,1554
MK7,PCT0877,1555
MK8,PCT0877,1556
MK9,PCT0877,1557
MK10,PCT0877,1558
MK11,PCT0877,1559
MK12,PCT0877,1560
MK13,PCT0877,1561
MK14,PCT0877,1562
MK15,PCT0877,1563
MK16,PCT0929,1564
MK17,PCT0877,1565
MK18,PCT0225,1566
MK19,PCT0877,1567
MK40,PCT0119,1568
MK41,PCT0119,1569
MK42,PCT0119,1570
MK43,PCT0119,1571
MK44,PCT0119,1572
MK45,PCT0119,1573
MK46,PCT0958,1574
ML1,PCT0894,1575
ML2,PCT1398,1576
ML3,PCT0553,1577
ML4,PCT0125,1578
ML5,PCT0319,1579
ML6,PCT0016,1580
ML7,PCT1138,1581
ML8,PCT0264,1582
ML9,PCT0724,1583
ML10,PCT1213,1584
ML11,PCT0717,1585
ML12,PCT0143,1586
N1,PCT0800,1587
N1C,PCT0800,1588
N2,PCT0800,1589
N3,PCT0800,1590
N4,PCT0800,1591
N5,PCT0800,1592
N6,PCT0800,1593
N7,PCT0800,1594
N8,PCT0800,1595
N9,PCT0800,1596
N10,PCT0800,1597
N11,PCT0800,1598
N12,PCT0800,1599
N13,PCT0800,1600
N14,PCT0800,1601
N15,PCT0800,1602
N16,PCT0800,1603
N17,PCT0800,1604
N18,PCT0800,1605
N19,PCT0800,1606
N20,PCT0800,1607
N21,PCT0800,1608
N22,PCT0800,1609
NE1,PCT0920,1610
NE2,PCT0920,1611
NE3,PCT0920,1612
NE4,PCT0920,1613
NE5,PCT0920,1614
NE6,PCT0920,1615
NE7,PCT0920,1616
NE8,PCT0508,1617
NE9,PCT0508,1618
NE10,PCT0508,1619
NE11,PCT0508,1620
NE12,PCT0920,1621
NE13,PCT0920,1622
NE15,PCT0920,1623
NE16,PCT0920,1624
NE17,PCT0920,1625
NE18,PCT0920,1626
NE19,PCT0920,1627
NE20,PCT0920,1628
NE21,PCT0163,1629
NE22,PCT0120,1630
NE23,PCT0348,1631
NE24,PCT0164,1632
NE25,PCT1375,1633
NE26,PCT1375,1634
NE27,PCT0920,1635
NE28,PCT1320,1636
NE29,PCT0944,1637
NE30,PCT0944,1638
NE31,PCT0575,1639
NE32,PCT0670,1640
NE33,PCT1157,1641
NE34,PCT1157,1642
NE35,PCT0170,1643
NE36,PCT0433,1644
NE37,PCT1334,1645
NE38,PCT1334,1646
NE39,PCT1079,1647
NE40,PCT1092,1648
NE41,PCT1418,1649
NE42,PCT1034,1650
NE43,PCT1199,1651
NE44,PCT1061,1652
NE45,PCT0334,1653
NE46,PCT0592,1654
NE47,PCT0592,1655
NE48,PCT0592,1656
NE49,PCT0552,1657
NE61,PCT0893,1658
NE62,PCT0302,1659
NE63,PCT0053,1660
NE64,PCT0914,1661
NE65,PCT0893,1662
NE66,PCT0083,1663
NE67,PCT0282,1664
NE68,PCT1114,1665
NE69,PCT0083,1666
NE70,PCT0124,1667
NE71,PCT1410,1668
NG1,PCT0951,1669
NG2,PCT0951,1670
NG3,PCT0951,1671
NG4,PCT0951,1672
NG5,PCT0951,1673
NG6,PCT0951,1674
NG7,PCT0951,1675
NG8,PCT0951,1676
NG9,PCT0951,1677
NG10,PCT0951,1678
NG11,PCT0951,1679
NG12,PCT0951,1680
NG13,PCT0951,1681
NG14,PCT0951,1682
NG15,PCT0951,1683
NG16,PCT0951,1684
NG17,PCT1229,1685
NG18,PCT0844,1686
NG19,PCT0844,1687
NG20,PCT0844,1688
NG21,PCT0844,1689
NG22,PCT0913,1690
NG23,PCT0913,1691
NG24,PCT0913,1692
NG25,PCT1165,1693
NG31,PCT0530,1694
NG32,PCT0530,1695
NG33,PCT0530,1696
NG34,PCT1146,1697
NN1,PCT0946,1698
NN2,PCT0946,1699
NN3,PCT0946,1700
NN4,PCT0946,1701
NN5,PCT0946,1702
NN6,PCT0946,1703
NN7,PCT0946,1704
NN8,PCT1342,1705
NN9,PCT1342,1706
NN10,PCT1088,1707
NN11,PCT0383,1708
NN12,PCT1284,1709
NN13,PCT0183,1710
NN14,PCT0681,1711
NN15,PCT0681,1712
NN16,PCT0681,1713
NN17,PCT0335,1714
NN18,PCT0335,1715
NN29,PCT1342,1716
NP4,PCT1010,1717
NP7,PCT0357,1718
NP8,PCT0357,1719
NP10,PCT0926,1720
NP11,PCT0926,1721
NP12,PCT0159,1722
NP13,PCT0009,1723
NP15,PCT1307,1724
NP16,PCT0288,1725
NP18,PCT0926,1726
NP19,PCT0926,1727
NP20,PCT0926,1728
NP22,PCT1286,1729
NP23,PCT0439,1730
NP24,PCT0912,1731
NP25,PCT0885,1732
NP26,PCT0247,1733
NP44,PCT0370,1734
NR1,PCT0950,1735
NR2,PCT0950,1736
NR3,PCT0950,1737
NR4,PCT0950,1738
NR5,PCT0950,1739
NR6,PCT0950,1740
NR7,PCT0950,1741
NR8,PCT0950,1742
NR9,PCT0950,1743
NR10,PCT0950,1744
NR11,PCT0950,1745
NR12,PCT0950,1746
NR13,PCT0950,1747
NR14,PCT0950,1748
NR15,PCT0950,1749
NR16,PCT0950,1750
NR17,PCT0058,1751
NR18,PCT1419,1752
NR19,PCT0950,1753
NR20,PCT0391,1754
NR21,PCT0466,1755
NR22,PCT1322,1756
NR23,PCT1345,1757
NR24,PCT0863,1758
NR25,PCT0607,1759
NR26,PCT1131,1760
NR27,PCT0360,1761
NR28,PCT0950,1762
NR29,PCT0535,1763
NR30,PCT0535,1764
NR31,PCT0535,1765
NR32,PCT0814,1766
NR33,PCT0814,1767
NR34,PCT0116,1768
NR35,PCT0229,1769
NW1,PCT0801,1770
NW2,PCT0801,1771
NW3,PCT0801,1772
NW4,PCT0801,1773
NW5,PCT0801,1774
NW6,PCT0801,1775
NW7,PCT0801,1776
NW8,PCT0801,1777
NW9,PCT0801,1778
NW10,PCT0801,1779
NW11,PCT0801,1780
OL1,PCT0957,1781
OL2,PCT0957,1782
OL3,PCT0957,1783
OL4,PCT0957,1784
OL5,PCT0055,1785
OL6,PCT0055,1786
OL7,PCT0055,1787
OL8,PCT0957,1788
OL9,PCT0957,1789
OL10,PCT0593,1790
OL11,PCT1066,1791
OL12,PCT1066,1792
OL13,PCT0069,1793
OL14,PCT1276,1794
OL15,PCT0760,1795
OL16,PCT1066,1796
OX1,PCT0968,1797
OX2,PCT0968,1798
OX3,PCT0968,1799
OX4,PCT0968,1800
OX5,PCT0683,1801
OX7,PCT0300,1802
OX9,PCT1260,1803
OX10,PCT1318,1804
OX11,PCT0394,1805
OX12,PCT1327,1806
OX13,PCT0010,1807
OX14,PCT0010,1808
OX15,PCT0085,1809
OX16,PCT0085,1810
OX17,PCT0085,1811
OX18,PCT0271,1812
OX20,PCT1408,1813
OX25,PCT0141,1814
OX26,PCT0141,1815
OX27,PCT0141,1816
OX28,PCT1401,1817
OX29,PCT1401,1818
OX33,PCT0968,1819
OX39,PCT0297,1820
OX44,PCT0968,1821
OX49,PCT1338,1822
PA1,PCT0972,1823
PA2,PCT0972,1824
PA3,PCT0972,1825
PA4,PCT1053,1826
PA5,PCT0672,1827
PA6,PCT0672,1828
PA7,PCT0156,1829
PA8,PCT0457,1830
PA9,PCT0672,1831
PA10,PCT0672,1832
PA11,PCT0195,1833
PA12,PCT0796,1834
PA13,PCT0688,1835
PA14,PCT1013,1836
PA15,PCT0538,1837
PA16,PCT0538,1838
PA17,PCT1144,1839
PA18,PCT1350,1840
PA19,PCT0527,1841
PA20,PCT0649,1842
PA21,PCT1270,1843
PA22,PCT0326,1844
PA23,PCT0427,1845
PA24,PCT0246,1846
PA25,PCT0246,1847
PA26,PCT0246,1848
PA27,PCT0246,1849
PA28,PCT0256,1850
PA29,PCT1245,1851
PA30,PCT0795,1852
PA31,PCT0795,1853
PA32,PCT0639,1854
PA33,PCT0374,1855
PA34,PCT0954,1856
PA35,PCT1249,1857
PA36,PCT0194,1858
PA37,PCT0954,1859
PA38,PCT0037,1860
PA41,PCT0652,1861
PA42,PCT0655,1862
PA43,PCT0655,1863
PA44,PCT0655,1864
PA45,PCT0655,1865
PA46,PCT0655,1866
PA47,PCT0655,1867
PA48,PCT0655,1868
PA49,PCT0655,1869
PA60,PCT0656,1870
PA61,PCT0651,1871
PA64,PCT0658,1872
PA65,PCT0658,1873
PA66,PCT0658,1874
PA67,PCT0658,1875
PA70,PCT0658,1876
PA71,PCT0658,1877
PA72,PCT0658,1878
PA73,PCT0658,1879
PA75,PCT0658,1880
PA76,PCT0654,1881
PA77,PCT0663,1882
PA78,PCT0650,1883
PA80,PCT0954,1884
PE1,PCT0994,1885
PE2,PCT0994,1886
PE3,PCT0994,1887
PE4,PCT0994,1888
PE5,PCT0994,1889
PE6,PCT0994,1890
PE7,PCT0994,1891
PE8,PCT0994,1892
PE9,PCT1188,1893
PE10,PCT0180,1894
PE11,PCT1168,1895
PE12,PCT1168,1896
PE13,PCT1397,1897
PE14,PCT1397,1898
PE15,PCT0846,1899
PE16,PCT0283,1900
PE19,PCT1183,1901
PE20,PCT0179,1902
PE21,PCT0179,1903
PE22,PCT0179,1904
PE23,PCT1171,1905
PE24,PCT1143,1906
PE25,PCT1143,1907
PE26,PCT0627,1908
PE27,PCT1180,1909
PE28,PCT0627,1910
PE29,PCT0627,1911
PE30,PCT0692,1912
PE31,PCT0692,1913
PE32,PCT0692,1914
PE33,PCT0692,1915
PE34,PCT0692,1916
PE35,PCT1103,1917
PE36,PCT0626,1918
PE37,PCT1231,1919
PE38,PCT0407,1920
PH1,PCT0993,1921
PH2,PCT0993,1922
PH3,PCT0059,1923
PH4,PCT0059,1924
PH5,PCT0358,1925
PH6,PCT0358,1926
PH7,PCT0358,1927
PH8,PCT0425,1928
PH9,PCT1004,1929
PH10,PCT0161,1930
PH11,PCT0161,1931
PH12,PCT0161,1932
PH13,PCT0161,1933
PH14,PCT0993,1934
PH15,PCT0006,1935
PH16,PCT1004,1936
PH17,PCT1004,1937
PH18,PCT1004,1938
PH19,PCT0377,1939
PH20,PCT0937,1940
PH21,PCT0698,1941
PH22,PCT0062,1942
PH23,PCT0268,1943
PH24,PCT0166,1944
PH25,PCT0907,1945
PH26,PCT0531,1946
PH30,PCT0336,1947
PH31,PCT1081,1948
PH32,PCT0491,1949
PH33,PCT0492,1950
PH34,PCT1169,1951
PH35,PCT0640,1952
PH36,PCT0013,1953
PH37,PCT0515,1954
PH38,PCT0792,1955
PH39,PCT0042,1956
PH40,PCT0837,1957
PH41,PCT0837,1958
PH49,PCT0075,1959
PH50,PCT0699,1960
PL1,PCT1006,1961
PL2,PCT1006,1962
PL3,PCT1006,1963
PL4,PCT1006,1964
PL5,PCT1006,1965
PL6,PCT1006,1966
PL7,PCT1006,1967
PL8,PCT1006,1968
PL9,PCT1006,1969
PL10,PCT1279,1970
PL11,PCT1279,1971
PL12,PCT1098,1972
PL13,PCT0808,1973
PL14,PCT0758,1974
PL15,PCT0729,1975
PL16,PCT0750,1976
PL17,PCT0250,1977
PL18,PCT0544,1978
PL19,PCT1248,1979
PL20,PCT1424,1980
PL21,PCT0669,1981
PL22,PCT0810,1982
PL23,PCT0494,1983
PL24,PCT0973,1984
PL25,PCT1184,1985
PL26,PCT1184,1986
PL27,PCT1313,1987
PL28,PCT0970,1988
PL29,PCT1015,1989
PL30,PCT0167,1990
PL31,PCT0167,1991
PL32,PCT0255,1992
PL33,PCT0387,1993
PL34,PCT1273,1994
PL35,PCT0178,1995
PO1,PCT1022,1996
PO2,PCT1022,1997
PO3,PCT1022,1998
PO4,PCT1164,1999
PO5,PCT1164,2000
PO6,PCT1022,2001
PO7,PCT1336,2002
PO8,PCT1336,2003
PO9,PCT1078,2004
PO10,PCT0451,2005
PO11,PCT0571,2006
PO12,PCT0735,2007
PO13,PCT0735,2008
PO14,PCT0469,2009
PO15,PCT0469,2010
PO16,PCT0469,2011
PO17,PCT0469,2012
PO18,PCT0295,2013
PO19,PCT0295,2014
PO20,PCT0295,2015
PO21,PCT0169,2016
PO22,PCT0169,2017
PO30,PCT1422,2018
PO31,PCT0345,2019
PO32,PCT0434,2020
PO33,PCT1090,2021
PO34,PCT1117,2022
PO35,PCT0128,2023
PO36,PCT1124,2024
PO37,PCT1124,2025
PO38,PCT1310,2026
PO39,PCT1282,2027
PO40,PCT0496,2028
PO41,PCT1422,2029
PR1,PCT1030,2030
PR2,PCT1030,2031
PR3,PCT1030,2032
PR4,PCT1030,2033
PR5,PCT1030,2034
PR6,PCT0303,2035
PR7,PCT0303,2036
PR8,PCT1163,2037
PR9,PCT1163,2038
PR25,PCT0748,2039
PR26,PCT0748,2040
RG1,PCT1047,2041
RG2,PCT1047,2042
RG4,PCT1047,2043
RG5,PCT1047,2044
RG6,PCT1047,2045
RG7,PCT1047,2046
RG8,PCT1047,2047
RG9,PCT0585,2048
RG10,PCT1047,2049
RG12,PCT0184,2050
RG14,PCT0916,2051
RG17,PCT0625,2052
RG18,PCT1262,2053
RG19,PCT1262,2054
RG20,PCT0916,2055
RG21,PCT0106,2056
RG22,PCT0106,2057
RG23,PCT0106,2058
RG24,PCT0106,2059
RG25,PCT0106,2060
RG26,PCT1238,2061
RG27,PCT0612,2062
RG28,PCT1371,2063
RG29,PCT0612,2064
RG30,PCT1047,2065
RG31,PCT1047,2066
RG40,PCT1403,2067
RG41,PCT1403,2068
RG42,PCT0184,2069
RG45,PCT0363,2070
RH1,PCT1050,2071
RH2,PCT1052,2072
RH3,PCT0134,2073
RH4,PCT0403,2074
RH5,PCT0403,2075
RH6,PCT0614,2076
RH7,PCT0754,2077
RH8,PCT0969,2078
RH9,PCT0521,2079
RH10,PCT0351,2080
RH11,PCT0351,2081
RH12,PCT0618,2082
RH13,PCT0618,2083
RH14,PCT0147,2084
RH15,PCT0232,2085
RH16,PCT0572,2086
RH17,PCT0572,2087
RH18,PCT0488,2088
RH19,PCT0436,2089
RH20,PCT1036,2090
RM1,PCT1070,2091
RM2,PCT1070,2092
RM3,PCT1070,2093
RM4,PCT1070,2094
RM5,PCT1070,2095
RM6,PCT1070,2096
RM7,PCT1070,2097
RM8,PCT0371,2098
RM9,PCT0371,2099
RM10,PCT0371,2100
RM11,PCT0616,2101
RM12,PCT0616,2102
RM13,PCT1043,2103
RM14,PCT1306,2104
RM15,PCT1154,2105
RM16,PCT0533,2106
RM17,PCT0533,2107
RM18,PCT1271,2108
RM19,PCT1037,2109
RM20,PCT0533,2110
S1,PCT1126,2111
S2,PCT1126,2112
S3,PCT1126,2113
S4,PCT1126,2114
S5,PCT1126,2115
S6,PCT1126,2116
S7,PCT1126,2117
S8,PCT1126,2118
S9,PCT1126,2119
S10,PCT1126,2120
S11,PCT1126,2121
S12,PCT1126,2122
S13,PCT1126,2123
S14,PCT1126,2124
S17,PCT1126,2125
S18,PCT0412,2126
S20,PCT1126,2127
S21,PCT1126,2128
S25,PCT1126,2129
S26,PCT1126,2130
S32,PCT0613,2131
S33,PCT0613,2132
S35,PCT1126,2133
S36,PCT1126,2134
S40,PCT0294,2135
S41,PCT0294,2136
S42,PCT0294,2137
S43,PCT0294,2138
S44,PCT0294,2139
S45,PCT0294,2140
S60,PCT1077,2141
S61,PCT1077,2142
S62,PCT1077,2143
S63,PCT1077,2144
S64,PCT0869,2145
S65,PCT1077,2146
S66,PCT1077,2147
S70,PCT0099,2148
S71,PCT0099,2149
S72,PCT0099,2150
S73,PCT0099,2151
S74,PCT0099,2152
S75,PCT0099,2153
S80,PCT1414,2154
S81,PCT1414,2155
SA1,PCT1235,2156
SA2,PCT1235,2157
SA3,PCT1235,2158
SA4,PCT1235,2159
SA5,PCT1235,2160
SA6,PCT1235,2161
SA7,PCT1235,2162
SA8,PCT1235,2163
SA9,PCT1235,2164
SA10,PCT0904,2165
SA11,PCT0904,2166
SA12,PCT1014,2167
SA13,PCT1014,2168
SA14,PCT0775,2169
SA15,PCT0775,2170
SA16,PCT0237,2171
SA17,PCT0684,2172
SA18,PCT0032,2173
SA19,PCT0786,2174
SA20,PCT0770,2175
SA31,PCT0265,2176
SA32,PCT0265,2177
SA33,PCT0265,2178
SA34,PCT1374,2179
SA35,PCT0779,2180
SA36,PCT0517,2181
SA37,PCT0172,2182
SA38,PCT0919,2183
SA39,PCT0981,2184
SA40,PCT0788,2185
SA41,PCT0366,2186
SA42,PCT0927,2187
SA43,PCT0262,2188
SA44,PCT0774,2189
SA45,PCT0910,2190
SA46,PCT0002,2191
SA47,PCT0765,2192
SA48,PCT0716,2193
SA61,PCT0567,2194
SA62,PCT0567,2195
SA63,PCT0309,2196
SA64,PCT0523,2197
SA65,PCT0480,2198
SA66,PCT0318,2199
SA67,PCT0903,2200
SA68,PCT0686,2201
SA69,PCT1107,2202
SA70,PCT1256,2203
SA71,PCT0978,2204
SA72,PCT0979,2205
SA73,PCT0873,2206
SE1,PCT0802,2207
SE2,PCT0802,2208
SE3,PCT0802,2209
SE4,PCT0802,2210
SE5,PCT0802,2211
SE6,PCT0802,2212
SE7,PCT0802,2213
SE8,PCT0802,2214
SE9,PCT0802,2215
SE10,PCT0802,2216
SE11,PCT0802,2217
SE12,PCT0802,2218
SE13,PCT0802,2219
SE14,PCT0802,2220
SE15,PCT0802,2221
SE16,PCT0802,2222
SE17,PCT0802,2223
SE18,PCT0802,2224
SE19,PCT0802,2225
SE20,PCT0802,2226
SE21,PCT0802,2227
SE22,PCT0802,2228
SE23,PCT0802,2229
SE24,PCT0802,2230
SE25,PCT0802,2231
SE26,PCT0802,2232
SE27,PCT0802,2233
SE28,PCT0802,2234
SG1,PCT1193,2235
SG2,PCT1193,2236
SG3,PCT0710,2237
SG4,PCT0601,2238
SG5,PCT0601,2239
SG6,PCT0744,2240
SG7,PCT0074,2241
SG8,PCT1082,2242
SG9,PCT0230,2243
SG10,PCT0896,2244
SG11,PCT1328,2245
SG12,PCT1328,2246
SG13,PCT0590,2247
SG14,PCT0590,2248
SG15,PCT0043,2249
SG16,PCT0586,2250
SG17,PCT1127,2251
SG18,PCT0144,2252
SG19,PCT1105,2253
SK1,PCT1198,2254
SK2,PCT1198,2255
SK3,PCT1198,2256
SK4,PCT1198,2257
SK5,PCT1198,2258
SK6,PCT1198,2259
SK7,PCT1198,2260
SK8,PCT0284,2261
SK9,PCT1384,2262
SK10,PCT0828,2263
SK11,PCT0828,2264
SK12,PCT1198,2265
SK13,PCT0518,2266
SK14,PCT0629,2267
SK15,PCT1187,2268
SK16,PCT0414,2269
SK17,PCT0243,2270
SK22,PCT0594,2271
SK23,PCT0594,2272
SL0,PCT0668,2273
SL1,PCT1147,2274
SL2,PCT1147,2275
SL3,PCT1147,2276
SL4,PCT1391,2277
SL5,PCT0048,2278
SL6,PCT0834,2279
SL7,PCT0854,2280
SL8,PCT0181,2281
SL9,PCT0509,2282
SM1,PCT1227,2283
SM2,PCT1227,2284
SM3,PCT1227,2285
SM4,PCT0890,2286
SM5,PCT0270,2287
SM6,PCT1319,2288
SM7,PCT0090,2289
SN1,PCT1236,2290
SN2,PCT1236,2291
SN3,PCT1236,2292
SN4,PCT1236,2293
SN5,PCT1236,2294
SN6,PCT1236,2295
SN7,PCT0470,2296
SN8,PCT0853,2297
SN9,PCT1001,2298
SN10,PCT0392,2299
SN11,PCT0251,2300
SN12,PCT0861,2301
SN13,PCT0337,2302
SN14,PCT0298,2303
SN15,PCT0337,2304
SN16,PCT0838,2305
SN25,PCT1236,2306
SN26,PCT1236,2307
SO14,PCT1160,2308
SO15,PCT1160,2309
SO16,PCT1160,2310
SO17,PCT1160,2311
SO18,PCT1160,2312
SO19,PCT1160,2313
SO20,PCT1197,2314
SO21,PCT1388,2315
SO22,PCT1388,2316
SO23,PCT1388,2317
SO24,PCT0024,2318
SO30,PCT1160,2319
SO31,PCT1160,2320
SO32,PCT1160,2321
SO40,PCT1160,2322
SO41,PCT0822,2323
SO42,PCT0210,2324
SO43,PCT0824,2325
SO45,PCT1160,2326
SO50,PCT0438,2327
SO51,PCT1072,2328
SO52,PCT1072,2329
SO53,PCT0438,2330
SP1,PCT1097,2331
SP2,PCT1097,2332
SP3,PCT1097,2333
SP4,PCT1097,2334
SP5,PCT1097,2335
SP6,PCT0487,2336
SP7,PCT1123,2337
SP8,PCT0511,2338
SP9,PCT1269,2339
SP10,PCT0033,2340
SP11,PCT0033,2341
SR1,PCT1225,2342
SR2,PCT1225,2343
SR3,PCT1225,2344
SR4,PCT1225,2345
SR5,PCT1225,2346
SR6,PCT1225,2347
SR7,PCT1113,2348
SR8,PCT0997,2349
SS0,PCT1362,2350
SS1,PCT1362,2351
SS2,PCT1161,2352
SS3,PCT1161,2353
SS4,PCT1068,2354
SS5,PCT0602,2355
SS6,PCT1046,2356
SS7,PCT0129,2357
SS8,PCT0260,2358
SS9,PCT0740,2359
SS11,PCT1378,2360
SS12,PCT1378,2361
SS13,PCT0105,2362
SS14,PCT0105,2363
SS15,PCT0105,2364
SS16,PCT0105,2365
SS17,PCT1189,2366
ST1,PCT1202,2367
ST2,PCT1202,2368
ST3,PCT1202,2369
ST4,PCT1202,2370
ST5,PCT0918,2371
ST6,PCT1202,2372
ST7,PCT1202,2373
ST8,PCT1202,2374
ST9,PCT1202,2375
ST10,PCT1202,2376
ST11,PCT1202,2377
ST12,PCT1202,2378
ST13,PCT0737,2379
ST14,PCT1308,2380
ST15,PCT1203,2381
ST16,PCT1185,2382
ST17,PCT1185,2383
ST18,PCT1185,2384
ST19,PCT1185,2385
ST20,PCT1185,2386
ST21,PCT1185,2387
SW1A,PCT0803,2388
SW1E,PCT0803,2389
SW1H,PCT0803,2390
SW1P,PCT0803,2391
SW1V,PCT0803,2392
SW1W,PCT0803,2393
SW1X,PCT0803,2394
SW1Y,PCT0803,2395
SW2,PCT0803,2396
SW3,PCT0803,2397
SW4,PCT0803,2398
SW5,PCT0803,2399
SW6,PCT0803,2400
SW7,PCT0803,2401
SW8,PCT0803,2402
SW9,PCT0803,2403
SW10,PCT0803,2404
SW11,PCT0803,2405
SW12,PCT0803,2406
SW13,PCT0803,2407
SW14,PCT0803,2408
SW15,PCT0803,2409
SW16,PCT0803,2410
SW17,PCT0803,2411
SW18,PCT0803,2412
SW19,PCT0803,2413
SW20,PCT0803,2414
SY1,PCT1139,2415
SY2,PCT1139,2416
SY3,PCT1139,2417
SY4,PCT1139,2418
SY5,PCT1139,2419
SY6,PCT0306,2420
SY7,PCT0819,2421
SY8,PCT0815,2422
SY9,PCT0155,2423
SY10,PCT0965,2424
SY11,PCT0965,2425
SY12,PCT0447,2426
SY13,PCT1372,2427
SY14,PCT0839,2428
SY15,PCT0887,2429
SY16,PCT0938,2430
SY17,PCT0769,2431
SY18,PCT0782,2432
SY19,PCT0768,2433
SY20,PCT0830,2434
SY21,PCT1346,2435
SY22,PCT0789,2436
SY23,PCT0783,2437
SY24,PCT1243,2438
SY25,PCT1427,2439
TA1,PCT1247,2440
TA2,PCT1247,2441
TA3,PCT1247,2442
TA4,PCT1247,2443
TA5,PCT0198,2444
TA6,PCT0198,2445
TA7,PCT0198,2446
TA8,PCT0233,2447
TA9,PCT0596,2448
TA10,PCT0721,2449
TA11,PCT1150,2450
TA12,PCT0855,2451
TA13,PCT1155,2452
TA14,PCT1201,2453
TA15,PCT0886,2454
TA16,PCT0867,2455
TA17,PCT0600,2456
TA18,PCT0354,2457
TA19,PCT0634,2458
TA20,PCT0280,2459
TA21,PCT1343,2460
TA22,PCT0416,2461
TA23,PCT1335,2462
TA24,PCT0879,2463
TD1,PCT0504,2464
TD2,PCT0728,2465
TD3,PCT0525,2466
TD4,PCT0432,2467
TD5,PCT0676,2468
TD6,PCT0862,2469
TD7,PCT1120,2470
TD8,PCT0671,2471
TD9,PCT0921,2472
TD10,PCT0428,2473
TD11,PCT0428,2474
TD12,PCT0878,2475
TD13,PCT0321,2476
TD14,PCT0464,2477
TD15,PCT0133,2478
TF1,PCT1253,2479
TF2,PCT1253,2480
TF3,PCT1253,2481
TF4,PCT1253,2482
TF5,PCT1253,2483
TF6,PCT1253,2484
TF7,PCT1253,2485
TF8,PCT1253,2486
TF9,PCT0849,2487
TF10,PCT0928,2488
TF11,PCT1133,2489
TF12,PCT0215,2490
TF13,PCT0897,2491
TN1,PCT1295,2492
TN2,PCT1314,2493
TN3,PCT1295,2494
TN4,PCT1295,2495
TN5,PCT1314,2496
TN6,PCT0362,2497
TN7,PCT0561,2498
TN8,PCT0440,2499
TN9,PCT1277,2500
TN10,PCT1277,2501
TN11,PCT1277,2502
TN12,PCT1277,2503
TN13,PCT1122,2504
TN14,PCT1122,2505
TN15,PCT1122,2506
TN16,PCT1363,2507
TN17,PCT0349,2508
TN18,PCT0349,2509
TN19,PCT0459,2510
TN20,PCT0860,2511
TN21,PCT0574,2512
TN22,PCT1301,2513
TN23,PCT0051,2514
TN24,PCT0051,2515
TN25,PCT0051,2516
TN26,PCT0051,2517
TN27,PCT0051,2518
TN28,PCT0911,2519
TN29,PCT1071,2520
TN30,PCT1257,2521
TN31,PCT1091,2522
TN32,PCT1065,2523
TN33,PCT0110,2524
TN34,PCT0565,2525
TN35,PCT0565,2526
TN36,PCT1387,2527
TN37,PCT1182,2528
TN38,PCT1182,2529
TN39,PCT0138,2530
TN40,PCT0138,2531
TQ1,PCT1280,2532
TQ2,PCT1280,2533
TQ3,PCT0971,2534
TQ4,PCT0971,2535
TQ5,PCT0206,2536
TQ6,PCT0380,2537
TQ7,PCT0694,2538
TQ8,PCT1094,2539
TQ9,PCT1283,2540
TQ10,PCT1151,2541
TQ11,PCT0222,2542
TQ12,PCT0933,2543
TQ13,PCT0933,2544
TQ14,PCT1252,2545
TR1,PCT1294,2546
TR2,PCT1294,2547
TR3,PCT1294,2548
TR4,PCT1294,2549
TR5,PCT1173,2550
TR6,PCT0991,2551
TR7,PCT0930,2552
TR8,PCT0930,2553
TR9,PCT1178,2554
TR10,PCT0986,2555
TR11,PCT0468,2556
TR12,PCT0580,2557
TR13,PCT0580,2558
TR14,PCT0253,2559
TR15,PCT1051,2560
TR16,PCT1051,2561
TR17,PCT0845,2562
TR18,PCT0990,2563
TR19,PCT0990,2564
TR20,PCT0990,2565
TR21,PCT0666,2566
TR22,PCT0666,2567
TR24,PCT0666,2568
TR25,PCT0666,2569
TR26,PCT1181,2570
TR27,PCT0570,2571
TS1,PCT0870,2572
TS2,PCT0870,2573
TS3,PCT0870,2574
TS4,PCT0870,2575
TS5,PCT0870,2576
TS6,PCT0870,2577
TS7,PCT0870,2578
TS8,PCT0870,2579
TS9,PCT0870,2580
TS10,PCT1048,2581
TS11,PCT1048,2582
TS12,PCT1099,2583
TS13,PCT1099,2584
TS14,PCT0542,2585
TS15,PCT1421,2586
TS16,PCT1200,2587
TS17,PCT1200,2588
TS18,PCT1200,2589
TS19,PCT1200,2590
TS20,PCT1200,2591
TS21,PCT1200,2592
TS22,PCT0146,2593
TS23,PCT0146,2594
TS24,PCT0562,2595
TS25,PCT0562,2596
TS26,PCT0562,2597
TS27,PCT0562,2598
TS28,PCT1392,2599
TS29,PCT1290,2600
TW1,PCT1297,2601
TW2,PCT1297,2602
TW3,PCT0620,2603
TW4,PCT0620,2604
TW5,PCT0620,2605
TW6,PCT0620,2606
TW7,PCT0667,2607
TW8,PCT0192,2608
TW9,PCT1059,2609
TW10,PCT1059,2610
TW11,PCT1251,2611
TW12,PCT0554,2612
TW13,PCT0475,2613
TW14,PCT0475,2614
TW15,PCT0052,2615
TW16,PCT1224,2616
TW17,PCT1128,2617
TW18,PCT1186,2618
TW19,PCT1186,2619
TW20,PCT0443,2620
UB1,PCT1158,2621
UB2,PCT1158,2622
UB3,PCT1158,2623
UB4,PCT0569,2624
UB5,PCT0947,2625
UB6,PCT0536,2626
UB7,PCT1354,2627
UB8,PCT1354,2628
UB9,PCT1309,2629
UB10,PCT1309,2630
UB11,PCT1309,2631
W1B,PCT0804,2632
W1C,PCT0804,2633
W1D,PCT0804,2634
W1F,PCT0804,2635
W1G,PCT0804,2636
W1H,PCT0804,2637
W1J,PCT0804,2638
W1K,PCT0804,2639
W1S,PCT0804,2640
W1T,PCT0804,2641
W1U,PCT0804,2642
W1W,PCT0804,2643
W2,PCT0804,2644
W3,PCT0804,2645
W4,PCT0804,2646
W5,PCT0804,2647
W6,PCT0804,2648
W7,PCT0804,2649
W8,PCT0804,2650
W9,PCT0804,2651
W10,PCT0804,2652
W11,PCT0804,2653
W12,PCT0804,2654
W13,PCT0804,2655
W14,PCT0804,2656
WA1,PCT1332,2657
WA2,PCT1332,2658
WA3,PCT1332,2659
WA4,PCT1332,2660
WA5,PCT1332,2661
WA6,PCT0499,2662
WA7,PCT1087,2663
WA8,PCT1379,2664
WA9,PCT1179,2665
WA10,PCT1179,2666
WA11,PCT1179,2667
WA12,PCT0936,2668
WA13,PCT0823,2669
WA14,PCT0027,2670
WA15,PCT0027,2671
WA16,PCT0713,2672
WC1A,PCT0805,2673
WC1B,PCT0805,2674
WC1E,PCT0805,2675
WC1H,PCT0805,2676
WC1N,PCT0805,2677
WC1R,PCT0805,2678
WC1V,PCT0805,2679
WC1X,PCT0805,2680
WC2A,PCT0805,2681
WC2B,PCT0805,2682
WC2E,PCT0805,2683
WC2H,PCT0805,2684
WC2N,PCT0805,2685
WD3,PCT1060,2686
WD4,PCT0693,2687
WD5,PCT0001,2688
WD6,PCT0177,2689
WD7,PCT1041,2690
WD17,PCT1337,2691
WD18,PCT1337,2692
WD19,PCT1337,2693
WD23,PCT0241,2694
WD24,PCT1337,2695
WD25,PCT1337,2696
WF1,PCT1315,2697
WF2,PCT1315,2698
WF3,PCT1315,2699
WF4,PCT1315,2700
WF5,PCT0964,2701
WF6,PCT0941,2702
WF7,PCT1008,2703
WF8,PCT1008,2704
WF9,PCT1008,2705
WF10,PCT0941,2706
WF11,PCT0712,2707
WF12,PCT0393,2708
WF13,PCT0393,2709
WF14,PCT0880,2710
WF15,PCT0763,2711
WF16,PCT0577,2712
WF17,PCT0109,2713
WN1,PCT1380,2714
WN2,PCT1380,2715
WN3,PCT1380,2716
WN4,PCT1380,2717
WN5,PCT1380,2718
WN6,PCT1380,2719
WN7,PCT0739,2720
WN8,PCT1380,2721
WR1,PCT1411,2722
WR2,PCT1411,2723
WR3,PCT1411,2724
WR4,PCT1411,2725
WR5,PCT1411,2726
WR6,PCT1411,2727
WR7,PCT1411,2728
WR8,PCT1411,2729
WR9,PCT0410,2730
WR10,PCT0992,2731
WR11,PCT0460,2732
WR12,PCT0209,2733
WR13,PCT0841,2734
WR14,PCT0841,2735
WR15,PCT1255,2736
WS1,PCT1321,2737
WS2,PCT1321,2738
WS3,PCT1321,2739
WS4,PCT1321,2740
WS5,PCT1321,2741
WS6,PCT1321,2742
WS7,PCT0236,2743
WS8,PCT1321,2744
WS9,PCT1321,2745
WS10,PCT1340,2746
WS11,PCT0257,2747
WS12,PCT0257,2748
WS13,PCT0749,2749
WS14,PCT0749,2750
WS15,PCT1085,2751
WV1,PCT1404,2752
WV2,PCT1404,2753
WV3,PCT1404,2754
WV4,PCT1404,2755
WV5,PCT1404,2756
WV6,PCT1404,2757
WV7,PCT1404,2758
WV8,PCT1404,2759
WV9,PCT1404,2760
WV10,PCT1404,2761
WV11,PCT1404,2762
WV12,PCT1383,2763
WV13,PCT1383,2764
WV14,PCT0148,2765
WV15,PCT0197,2766
WV16,PCT0197,2767
YO1,PCT1426,2768
YO7,PCT1264,2769
YO8,PCT1119,2770
YO10,PCT1426,2771
YO11,PCT1110,2772
YO12,PCT1110,2773
YO13,PCT1110,2774
YO14,PCT0479,2775
YO15,PCT0199,2776
YO16,PCT0199,2777
YO17,PCT0840,2778
YO18,PCT1002,2779
YO19,PCT1426,2780
YO21,PCT1370,2781
YO22,PCT1370,2782
YO23,PCT1426,2783
YO24,PCT1426,2784
YO25,PCT0409,2785
YO26,PCT1426,2786
YO30,PCT1426,2787
YO31,PCT1426,2788
YO32,PCT1426,2789
YO41,PCT1426,2790
YO42,PCT1426,2791
YO43,PCT1426,2792
YO51,PCT1426,2793
YO60,PCT1426,2794
YO61,PCT1426,2795
YO62,PCT1426,2796
ZE1,PCT1132,2797
ZE2,PCT1132,2798
ZE3,PCT1132,2799
