PFN,PFA
S32000003_001,S32000003
S32000003_002,S32000003
S32000003_003,S32000003
S32000004_001,S32000004
S32000004_002,S32000004
S32000004_003,S32000004
S32000005_001,S32000005
S32000005_002,S32000005
S32000006_001,S32000006
S32000006_002,S32000006
S32000006_003,S32000006
S32000006_004,S32000006
S32000016_001,S32000016
S32000016_002,S32000016
S32000016_003,S32000016
S32000008_001,S32000008
S32000008_002,S32000008
S32000008_003,S32000008
S32000018_001,S32000018
S32000018_002,S32000018
S32000018_003,S32000018
S32000018_004,S32000018
S32000018_005,S32000018
S32000018_006,S32000018
S32000018_007,S32000018
S32000018_008,S32000018
S32000018_009,S32000018
S32000010_001,S32000010
S32000010_002,S32000010
S32000010_003,S32000010
S32000010_004,S32000010
S32000010_005,S32000010
S32000010_006,S32000010
S32000019_001,S32000019
S32000019_002,S32000019
S32000019_003,S32000019
S32000019_004,S32000019
S32000015_001,S32000015
S32000015_002,S32000015
S32000015_003,S32000015
S32000015_004,S32000015
S32000015_005,S32000015
S32000013_001,S32000013
S32000013_002,S32000013
S32000013_003,S32000013
S32000017_001,S32000017
S32000017_002,S32000017
S32000017_003,S32000017
S32000012_001,S32000012
S32000012_002,S32000012
S32000012_003,S32000012
S32000012_004,S32000012
